Rank,Player,hall_of_fame,From,To,num_seasons_played,Team,League,Games Played,Games started as def/off player,Passes Attempted,Yds gained by passing,Yds gained per pass attempt,Passing Touchdowns,Yds gained per game
1,Emmitt Smith*,HoF,1990,2004,14,TOT,NFL,226,219,4409,18355,4.16,164,81.2
2,Barry Sanders*,HoF,1989,1998,9,DET,NFL,153,151,3062,15269,4.99,99,99.8
3,Frank Gore,NHoF,2005,2019,14,TOT,NFL,214,199,3443,15021,4.36,79,70.2
4,Curtis Martin*,HoF,1995,2005,10,TOT,NFL,168,166,3518,14101,4.01,90,83.9
5,LaDainian Tomlinson*,HoF,2001,2011,10,TOT,NFL,170,155,3174,13684,4.31,145,80.5
6,Jerome Bettis*,HoF,1993,2005,12,TOT,NFL,192,153,3479,13662,3.93,91,71.2
7,Adrian Peterson,NHoF,2007,2019,12,TOT,NFL,152,142,2858,13408,4.69,107,88.2
8,Marshall Faulk*,HoF,1994,2005,11,TOT,NFL,176,156,2836,12279,4.33,100,69.8
9,Edgerrin James,NHoF,1999,2009,10,TOT,NFL,148,135,3028,12246,4.04,80,82.7
10,Fred Taylor,NHoF,1998,2010,12,TOT,NFL,153,137,2534,11695,4.62,66,76.4
11,Steven Jackson,NHoF,2004,2015,11,TOT,NFL,160,147,2764,11438,4.14,69,71.5
12,Corey Dillon,NHoF,1997,2006,9,TOT,NFL,150,132,2618,11241,4.29,82,74.9
13,Thurman Thomas*,HoF,1989,2000,11,TOT,NFL,167,145,2670,11193,4.19,63,67
14,Warrick Dunn,NHoF,1997,2008,11,TOT,NFL,181,154,2669,10967,4.11,49,60.6
15,LeSean McCoy,NHoF,2009,2019,10,TOT,NFL,151,134,2386,10820,4.53,71,71.7
16,Ricky Watters,NHoF,1992,2001,9,TOT,NFL,144,142,2622,10643,4.06,78,73.9
17,Jamal Lewis,NHoF,2000,2009,9,TOT,NFL,131,126,2542,10607,4.17,58,81
18,Thomas Jones,NHoF,2000,2011,11,TOT,NFL,180,125,2678,10591,3.95,68,58.8
19,Tiki Barber,NHoF,1997,2006,9,NYG,NFL,154,109,2217,10449,4.71,55,67.9
20,Eddie George,NHoF,1996,2004,8,TOT,NFL,141,136,2865,10441,3.64,68,74
21,Marshawn Lynch,NHoF,2007,2018,11,TOT,NFL,148,135,2441,10379,4.25,84,70.1
22,Ricky Williams,NHoF,1999,2011,12,TOT,NFL,147,83,2431,10009,4.12,66,68.1
23,Clinton Portis,NHoF,2002,2010,8,TOT,NFL,113,108,2230,9923,4.45,75,87.8
24,Matt Forte,NHoF,2008,2017,9,TOT,NFL,146,137,2356,9796,4.16,54,67.1
25,Chris Johnson,NHoF,2008,2017,9,TOT,NFL,130,111,2163,9651,4.46,55,74.2
26,Shaun Alexander,NHoF,2000,2008,8,TOT,NFL,123,96,2187,9453,4.32,100,76.9
27,Ahman Green,NHoF,1998,2009,11,TOT,NFL,148,97,2056,9205,4.48,60,62.2
28,Terry Allen,NHoF,1991,2001,10,TOT,NFL,130,114,2152,8614,4,73,66.3
29,Willis McGahee,NHoF,2004,2013,9,TOT,NFL,142,95,2095,8474,4.04,65,59.7
30,Priest Holmes,NHoF,1997,2007,10,TOT,NFL,113,82,1780,8172,4.59,86,72.3
31,Maurice Jones-Drew,NHoF,2006,2014,8,TOT,NFL,126,71,1847,8167,4.42,68,64.8
32,DeAngelo Williams,NHoF,2006,2016,10,TOT,NFL,142,96,1730,8096,4.68,61,57
33,Stephen Davis,NHoF,1996,2006,10,TOT,NFL,143,102,1945,8052,4.14,65,56.3
34,Garrison Hearst,NHoF,1993,2004,11,TOT,NFL,126,105,1831,7966,4.35,30,63.2
35,Chris Warren,NHoF,1990,2000,10,TOT,NFL,162,91,1791,7696,4.3,52,47.5
36,Terrell Davis*,HoF,1995,2001,6,DEN,NFL,78,77,1655,7607,4.6,60,97.5
37,Jamaal Charles,NHoF,2008,2018,10,TOT,NFL,119,69,1407,7563,5.38,44,63.6
38,Michael Turner,NHoF,2004,2012,8,TOT,NFL,134,74,1639,7338,4.48,66,54.8
39,Jonathan Stewart,NHoF,2008,2018,10,TOT,NFL,134,64,1705,7335,4.3,51,54.7
40,DeMarco Murray,NHoF,2011,2017,6,TOT,NFL,99,86,1604,7174,4.47,49,72.5
41,Charlie Garner,NHoF,1994,2004,10,TOT,NFL,147,90,1537,7097,4.62,39,48.3
42,Rodney Hampton,NHoF,1990,1997,7,NYG,NFL,104,85,1824,6897,3.78,49,66.3
43,Antowain Smith,NHoF,1997,2005,8,TOT,NFL,131,75,1784,6881,3.86,54,52.5
44,Robert Smith,NHoF,1993,2000,7,MIN,NFL,98,72,1411,6818,4.83,32,69.6
45,Arian Foster,NHoF,2009,2016,7,TOT,NFL,80,70,1476,6527,4.42,54,81.6
46,Mark Ingram,NHoF,2011,2019,8,TOT,NFL,110,68,1376,6335,4.6,55,57.6
47,Brian Westbrook,NHoF,2002,2010,8,TOT,NFL,121,90,1385,6335,4.57,41,52.4
48,LeGarrette Blount,NHoF,2010,2018,8,TOT,NFL,132,62,1495,6306,4.22,56,47.8
49,Larry Johnson,NHoF,2003,2011,8,TOT,NFL,85,55,1427,6223,4.36,55,73.2
50,Ray Rice,NHoF,2008,2013,5,RAV,NFL,92,80,1430,6180,4.32,37,67.2
51,Deuce McAllister,NHoF,2001,2008,7,NOR,NFL,97,76,1429,6096,4.27,49,62.8
52,Travis Henry,NHoF,2001,2007,6,TOT,NFL,90,69,1488,6086,4.09,38,67.6
53,Cedric Benson,NHoF,2005,2012,7,TOT,NFL,96,71,1600,6017,3.76,32,62.7
54,Rudi Johnson,NHoF,2001,2008,7,TOT,NFL,95,63,1517,5979,3.94,49,62.9
55,Alfred Morris,NHoF,2012,2018,6,TOT,NFL,104,70,1373,5931,4.32,34,57
56,Lamar Miller,NHoF,2012,2018,6,TOT,NFL,105,89,1354,5864,4.33,32,55.8
57,James Stewart,NHoF,1995,2002,7,TOT,NFL,101,69,1478,5841,3.95,48,57.8
58,Duce Staley,NHoF,1997,2006,9,TOT,NFL,114,75,1430,5785,4.05,24,50.7
59,Fred Jackson,NHoF,2007,2015,8,TOT,NFL,122,61,1305,5746,4.4,30,47.1
60,Michael Pittman,NHoF,1998,2008,10,TOT,NFL,151,82,1392,5627,4.04,25,37.3
61,Earnest Byner,NHoF,1989,1997,8,TOT,NFL,144,80,1423,5548,3.9,33,38.5
62,Le'Veon Bell,NHoF,2013,2019,6,TOT,NFL,65,65,1285,5499,4.28,35,84.6
63,Reggie Bush,NHoF,2006,2016,10,TOT,NFL,134,96,1286,5490,4.27,36,41
64,Darren McFadden,NHoF,2008,2017,9,TOT,NFL,103,75,1302,5421,4.16,28,52.6
65,Ronnie Brown,NHoF,2005,2014,9,TOT,NFL,132,74,1281,5391,4.21,38,40.8
66,Willie Parker,NHoF,2004,2009,5,PIT,NFL,79,60,1253,5378,4.29,24,68.1
67,Doug Martin,NHoF,2012,2018,6,TOT,NFL,84,74,1322,5356,4.05,30,63.8
68,Jamal Anderson,NHoF,1994,2001,7,ATL,NFL,88,64,1329,5336,4.02,34,60.6
69,Marcus Allen*,HoF,1989,1997,8,TOT,NFL,125,75,1310,5261,4.02,62,42.1
70,Ryan Mathews,NHoF,2010,2016,6,TOT,NFL,86,66,1184,5261,4.44,37,61.2
71,Chris Ivory,NHoF,2010,2018,8,TOT,NFL,108,43,1227,5237,4.27,29,48.5
72,Natrone Means,NHoF,1993,2000,7,TOT,NFL,88,55,1409,5215,3.7,45,59.3
73,Adrian Murrell,NHoF,1993,2003,10,TOT,NFL,122,67,1375,5199,3.78,23,42.6
74,Marion Butts,NHoF,1989,1995,6,TOT,NFL,104,74,1345,5185,3.86,43,49.9
75,Brandon Jacobs,NHoF,2005,2013,8,TOT,NFL,109,49,1141,5094,4.46,60,46.7
76,Mike Alstott,NHoF,1996,2006,10,TAM,NFL,158,137,1359,5088,3.74,58,32.2
77,Herschel Walker,NHoF,1989,1997,8,TOT,NFL,143,101,1233,5083,4.12,37,35.5
78,Julius Jones,NHoF,2004,2010,6,TOT,NFL,94,77,1280,5068,3.96,22,53.9
79,Tyrone Wheatley,NHoF,1995,2004,9,TOT,NFL,124,44,1270,4962,3.91,40,40
80,Dorsey Levens,NHoF,1994,2004,10,TOT,NFL,144,58,1243,4955,3.99,36,34.4
81,Ahmad Bradshaw,NHoF,2007,2015,8,TOT,NFL,103,36,1083,4928,4.55,36,47.8
82,Lamar Smith,NHoF,1994,2003,9,TOT,NFL,115,57,1322,4853,3.67,38,42.2
83,Todd Gurley,NHoF,2015,2019,4,RAM,NFL,63,62,1106,4817,4.36,51,76.5
84,Napoleon Kaufman,NHoF,1995,2000,5,RAI,NFL,91,46,978,4792,4.9,12,52.7
85,Marion Barber,NHoF,2005,2011,6,TOT,NFL,99,42,1156,4780,4.13,53,48.3
86,Chester Taylor,NHoF,2002,2011,9,TOT,NFL,151,34,1160,4740,4.09,26,31.4
87,Joseph Addai,NHoF,2006,2011,5,CLT,NFL,78,60,1095,4453,4.07,39,57.1
88,Ezekiel Elliott,NHoF,2016,2019,3,DAL,NFL,44,44,941,4372,4.65,31,99.4
89,Harold Green,NHoF,1990,1998,8,TOT,NFL,124,81,1151,4365,3.79,13,35.2
90,Neal Anderson,NHoF,1989,1993,4,CHI,NFL,75,64,1102,4328,3.93,36,57.7
91,Gary Brown,NHoF,1991,1999,8,TOT,NFL,99,47,1032,4300,4.17,21,43.4
92,Rashard Mendenhall,NHoF,2008,2013,5,TOT,NFL,72,63,1081,4236,3.92,37,58.8
93,Ryan Grant,NHoF,2007,2012,5,TOT,NFL,68,53,956,4148,4.34,27,61
94,Errict Rhett,NHoF,1994,2000,6,TOT,NFL,86,47,1174,4143,3.53,29,48.2
95,Lorenzo White,NHoF,1989,1995,6,TOT,NFL,96,50,1031,4127,4,30,43
96,Shonn Greene,NHoF,2009,2014,5,TOT,NFL,85,36,993,4110,4.14,24,48.4
97,Johnny Johnson,NHoF,1990,1994,4,TOT,NFL,72,58,1046,4078,3.9,21,56.6
98,Mike Anderson,NHoF,2000,2007,7,TOT,NFL,98,51,919,4067,4.43,37,41.5
99,Cadillac Williams,NHoF,2005,2011,6,TOT,NFL,81,58,1055,4038,3.83,21,49.9
100,Edgar Bennett,NHoF,1992,1999,7,TOT,NFL,112,77,1115,3992,3.58,21,35.6
101,Kevan Barlow,NHoF,2001,2006,5,TOT,NFL,84,33,1022,3984,3.9,30,47.4
102,Leonard Russell,NHoF,1991,1996,5,TOT,NFL,85,71,1164,3973,3.41,29,46.7
103,Leroy Hoard,NHoF,1990,1999,9,TOT,NFL,144,66,1008,3964,3.93,36,27.5
104,Harvey Williams,NHoF,1991,1998,7,TOT,NFL,110,47,1021,3952,3.87,20,35.9
105,Craig Heyward,NHoF,1989,1998,9,TOT,NFL,138,99,957,3946,4.12,29,28.6
106,Barry Foster,NHoF,1990,1994,4,PIT,NFL,62,44,915,3943,4.31,26,63.6
107,BenJarvus Green-Ellis,NHoF,2008,2013,5,TOT,NFL,84,51,1008,3914,3.88,42,46.6
108,Anthony Thomas,NHoF,2001,2007,6,TOT,NFL,87,43,1044,3891,3.73,23,44.7
109,Justin Forsett,NHoF,2008,2016,8,TOT,NFL,122,37,820,3890,4.74,19,31.9
110,Bam Morris,NHoF,1994,1999,5,TOT,NFL,74,38,974,3809,3.91,35,51.5
111,Pierre Thomas,NHoF,2007,2015,8,TOT,NFL,110,38,833,3809,4.57,28,34.6
112,Isaiah Crowell,NHoF,2014,2018,4,TOT,NFL,77,51,880,3803,4.32,27,49.4
113,Rashad Jennings,NHoF,2009,2016,7,TOT,NFL,93,54,930,3772,4.06,23,40.6
114,Latavius Murray,NHoF,2014,2019,5,TOT,NFL,81,49,916,3764,4.11,35,46.5
115,Christian Okoye,NHoF,1989,1992,3,KAN,NFL,58,44,984,3764,3.83,34,64.9
116,Reggie Cobb,NHoF,1990,1996,6,TOT,NFL,92,60,1065,3743,3.51,25,40.7
117,LaMont Jordan,NHoF,2001,2009,8,TOT,NFL,114,29,897,3734,4.16,28,32.8
118,Ron Dayne,NHoF,2000,2007,7,TOT,NFL,96,28,983,3722,3.79,28,38.8
119,Michael Bennett,NHoF,2001,2010,9,TOT,NFL,109,50,842,3703,4.4,13,34
120,Maurice Morris,NHoF,2002,2011,9,TOT,NFL,145,38,867,3648,4.21,13,25.2
121,Melvin Gordon,NHoF,2015,2018,3,SDG,NFL,55,52,897,3628,4.04,28,66
122,Knowshon Moreno,NHoF,2009,2014,5,TOT,NFL,63,45,876,3616,4.13,27,57.4
123,Eddie Lacy,NHoF,2013,2017,4,TOT,NFL,60,51,857,3614,4.22,23,60.2
124,Kevin Faulk,NHoF,1999,2011,12,NWE,NFL,161,47,864,3607,4.17,16,22.4
125,Reuben Droughns,NHoF,2001,2008,7,TOT,NFL,114,51,929,3602,3.88,19,31.6
126,DeShaun Foster,NHoF,2003,2008,5,TOT,NFL,79,42,927,3570,3.85,11,45.2
127,Jordan Howard,NHoF,2016,2019,3,TOT,NFL,51,44,818,3556,4.35,27,69.7
128,Carlos Hyde,NHoF,2014,2019,5,TOT,NFL,68,47,879,3550,4.04,27,52.2
129,Darren Sproles,NHoF,2005,2019,14,TOT,NFL,181,31,727,3541,4.87,23,19.6
130,C.J. Anderson,NHoF,2013,2019,6,TOT,NFL,71,39,776,3497,4.51,22,49.3
131,Devonta Freeman,NHoF,2014,2019,5,ATL,NFL,67,49,814,3473,4.27,30,51.8
132,C.J. Spiller,NHoF,2010,2017,7,TOT,NFL,90,38,712,3451,4.85,12,38.3
133,Bilal Powell,NHoF,2011,2019,8,NYJ,NFL,97,37,791,3446,4.36,15,35.5
134,Karim Abdul-Jabbar,NHoF,1996,2000,4,TOT,NFL,61,52,1004,3411,3.4,33,55.9
135,Erric Pegram,NHoF,1991,1997,6,TOT,NFL,103,42,855,3398,3.97,13,33
136,Justin Fargas,NHoF,2003,2009,6,RAI,NFL,92,32,827,3369,4.07,10,36.6
137,Eric Dickerson*,HoF,1989,1993,4,TOT,NFL,56,48,860,3344,3.89,15,59.7
138,Ladell Betts,NHoF,2002,2010,8,TOT,NFL,111,14,821,3326,4.05,15,30
139,Dominic Rhodes,NHoF,2001,2010,9,TOT,NFL,99,33,814,3286,4.04,26,33.2
140,Michael Bush,NHoF,2008,2014,6,TOT,NFL,89,20,809,3250,4.02,29,36.5
141,Greg Hill,NHoF,1994,1999,5,TOT,NFL,79,29,772,3218,4.17,12,40.7
142,Domanick Williams,NHoF,2003,2005,2,HTX,NFL,40,36,770,3195,4.15,23,79.9
143,Kevin Jones,NHoF,2004,2008,4,TOT,NFL,64,49,795,3176,3.99,24,49.6
144,Giovani Bernard,NHoF,2013,2019,6,CIN,NFL,87,18,761,3146,4.13,19,36.2
145,Stevan Ridley,NHoF,2011,2018,7,TOT,NFL,74,27,743,3102,4.17,24,41.9
146,John Williams,NHoF,1989,1995,6,TOT,NFL,105,91,814,3091,3.8,13,29.4
147,Sammy Morris,NHoF,2000,2011,11,TOT,NFL,144,37,736,3053,4.15,26,21.2
148,Mario Bates,NHoF,1994,2000,6,TOT,NFL,98,43,841,3048,3.62,38,31.1
149,Chris Brown,NHoF,2003,2009,6,TOT,NFL,68,33,722,3024,4.19,19,44.5
150,Derrick Fenner,NHoF,1989,1997,8,TOT,NFL,120,79,804,2996,3.73,32,25
151,Tim Hightower,NHoF,2008,2016,8,TOT,NFL,77,45,752,2977,3.96,32,38.7
152,Rod Bernstine,NHoF,1989,1995,6,TOT,NFL,60,30,667,2974,4.46,22,49.6
153,Anthony Johnson,NHoF,1990,2000,10,TOT,NFL,159,50,816,2966,3.63,9,18.7
154,Mark Higgs,NHoF,1989,1995,6,TOT,NFL,85,35,794,2959,3.73,14,34.8
155,David Johnson,NHoF,2015,2019,4,CRD,NFL,53,42,734,2956,4.03,32,55.8
156,Correll Buckhalter,NHoF,2001,2010,9,TOT,NFL,103,23,655,2944,4.49,21,28.6
157,Brad Baxter,NHoF,1989,1995,6,NYJ,NFL,94,74,779,2928,3.76,35,31.1
158,Felix Jones,NHoF,2008,2013,5,TOT,NFL,80,25,617,2912,4.72,11,36.4
159,Jeremy Hill,NHoF,2014,2018,4,TOT,NFL,55,43,708,2898,4.09,29,52.7
160,Terry Kirby,NHoF,1993,2002,9,TOT,NFL,110,39,761,2875,3.78,27,26.1
161,James Brooks,NHoF,1989,1992,3,TOT,NFL,53,43,586,2858,4.88,14,53.9
162,Bobby Humphrey,NHoF,1989,1992,3,TOT,NFL,51,27,695,2857,4.11,15,56
163,Peyton Hillis,NHoF,2008,2014,6,TOT,NFL,81,34,696,2832,4.07,23,35
164,Donald Brown,NHoF,2009,2015,6,TOT,NFL,88,25,695,2829,4.07,18,32.1
165,T.J. Duckett,NHoF,2002,2008,6,TOT,NFL,93,14,717,2814,3.92,44,30.3
166,Tatum Bell,NHoF,2004,2008,4,TOT,NFL,54,22,569,2773,4.87,16,51.4
167,Barry Word,NHoF,1990,1994,4,TOT,NFL,58,25,669,2764,4.13,14,47.7
168,Mike Tolbert,NHoF,2008,2017,9,TOT,NFL,143,44,696,2649,3.81,34,18.5
169,Cleveland Gary,NHoF,1989,1994,5,TOT,NFL,68,29,674,2645,3.92,24,38.9
170,Derrick Ward,NHoF,2004,2011,7,TOT,NFL,93,10,551,2628,4.77,12,28.3
171,Steve Broussard,NHoF,1990,1998,8,TOT,NFL,121,21,578,2625,4.54,19,21.7
172,Roger Craig,NHoF,1989,1993,4,TOT,NFL,71,44,717,2618,3.65,13,36.9
173,Derrick Henry,NHoF,2016,2019,3,OTI,NFL,51,20,579,2603,4.5,25,51
174,Tim Biakabutuka,NHoF,1996,2001,5,CAR,NFL,50,35,611,2530,4.14,14,50.6
175,Jay Ajayi,NHoF,2015,2018,3,TOT,NFL,42,23,562,2516,4.48,13,59.9
176,Raymont Harris,NHoF,1994,2000,6,TOT,NFL,54,38,684,2509,3.67,16,46.5
177,James Starks,NHoF,2010,2016,6,GNB,NFL,76,13,618,2506,4.06,9,33
178,Laurence Maroney,NHoF,2006,2010,4,TOT,NFL,49,17,618,2504,4.05,21,51.1
179,James Allen,NHoF,1998,2002,4,TOT,NFL,66,32,670,2497,3.73,4,37.8
180,Beanie Wells,NHoF,2009,2012,3,CRD,NFL,51,23,625,2471,3.95,24,48.5
181,Kenneth Davis,NHoF,1989,1994,5,BUF,NFL,96,2,561,2460,4.39,23,25.6
182,Merril Hoge,NHoF,1989,1994,5,TOT,NFL,85,76,652,2426,3.72,18,28.5
183,Dalton Hilliard,NHoF,1989,1993,4,NOR,NFL,64,29,678,2408,3.55,22,37.6
184,Alfred Blue,NHoF,2014,2018,4,HTX,NFL,72,16,673,2407,3.58,8,33.4
185,Eric Metcalf,NHoF,1989,2002,13,TOT,NFL,179,77,630,2392,3.8,12,13.4
186,Lewis Tillman,NHoF,1989,1995,6,TOT,NFL,109,27,659,2383,3.62,12,21.9
187,Tevin Coleman,NHoF,2015,2019,4,TOT,NFL,57,21,534,2363,4.43,18,41.5
188,Ben Tate,NHoF,2011,2014,3,TOT,NFL,51,15,540,2363,4.38,14,46.3
189,LenDale White,NHoF,2006,2009,3,OTI,NFL,58,18,628,2349,3.74,24,40.5
190,Kevin Smith,NHoF,2008,2012,4,DET,NFL,54,31,598,2346,3.92,17,43.4
191,John Stephens,NHoF,1989,1993,4,TOT,NFL,72,50,648,2272,3.51,14,31.6
192,Leon Washington,NHoF,2006,2014,8,TOT,NFL,126,14,487,2271,4.66,16,18
193,Mewelde Moore,NHoF,2004,2012,8,TOT,NFL,122,15,507,2267,4.47,6,18.6
194,Kimble Anders,NHoF,1991,2000,9,KAN,NFL,125,94,495,2261,4.57,9,18.1
195,Joique Bell,NHoF,2010,2016,6,TOT,NFL,75,15,564,2241,3.97,22,29.9
196,Danny Woodhead,NHoF,2009,2017,8,TOT,NFL,101,14,517,2238,4.33,15,22.2
197,Blair Thomas,NHoF,1990,1995,5,TOT,NFL,64,36,533,2236,4.2,7,34.9
198,Ronald Moore,NHoF,1993,1998,5,TOT,NFL,77,35,624,2210,3.54,14,28.7
199,Marcel Shipp,NHoF,2001,2007,6,CRD,NFL,88,28,605,2197,3.63,11,25
200,Larry Centers,NHoF,1990,2003,13,TOT,NFL,198,108,615,2188,3.56,14,11.1
201,Troy Hambrick,NHoF,2000,2004,4,TOT,NFL,61,27,536,2179,4.07,9,35.7
202,Bernie Parmalee,NHoF,1992,2000,8,TOT,NFL,134,26,567,2179,3.84,17,16.3
203,Kareem Hunt,NHoF,2017,2018,1,KAN,NFL,27,27,453,2151,4.75,15,79.7
204,Dion Lewis,NHoF,2011,2019,8,TOT,NFL,74,26,497,2146,4.32,11,29
205,Shawn Bryson,NHoF,2000,2006,6,TOT,NFL,91,27,528,2144,4.06,6,23.6
206,Amos Zereoue,NHoF,1999,2005,6,TOT,NFL,84,17,553,2137,3.86,10,25.4
207,Kevin Mack,NHoF,1989,1993,4,CLE,NFL,48,32,571,2134,3.74,21,44.5
208,Heath Sherman,NHoF,1989,1993,4,PHI,NFL,76,26,537,2130,3.97,10,28
209,Ricky Ervins,NHoF,1991,1995,4,TOT,NFL,76,11,554,2114,3.82,8,27.8
210,William Green,NHoF,2002,2005,3,CLE,NFL,46,30,568,2109,3.71,9,45.8
211,Jacquizz Rodgers,NHoF,2011,2018,7,TOT,NFL,110,14,545,2067,3.79,9,18.8
212,Jerious Norwood,NHoF,2006,2011,5,TOT,NFL,66,6,399,2056,5.15,7,31.2
213,Earnest Graham,NHoF,2004,2011,7,TAM,NFL,98,35,477,2047,4.29,15,20.9
214,Brad Muster,NHoF,1989,1994,5,TOT,NFL,79,70,476,2034,4.27,24,25.7
215,Trent Richardson,NHoF,2012,2014,2,TOT,NFL,46,37,614,2032,3.31,17,44.2
216,Gaston Green,NHoF,1989,1992,3,TOT,NFL,48,28,516,2019,3.91,6,42.1
217,Fred Lane,NHoF,1997,1999,2,CAR,NFL,42,23,502,2001,3.99,13,47.6
218,Olandis Gary,NHoF,1999,2003,4,TOT,NFL,48,16,496,1998,4.03,11,41.6
219,Ottis Anderson,NHoF,1989,1992,3,NYG,NFL,55,28,613,1979,3.23,26,36
220,Ronnie Hillman,NHoF,2012,2016,4,TOT,NFL,56,16,494,1976,4,12,35.3
221,Rodney Thomas,NHoF,1995,2001,6,TOT,NFL,103,11,532,1973,3.71,12,19.2
222,Brian Mitchell,NHoF,1990,2003,13,TOT,NFL,223,16,388,1967,5.07,12,8.8
223,Christian McCaffrey,NHoF,2017,2019,2,CAR,NFL,36,30,422,1944,4.61,13,54
224,Joe Mixon,NHoF,2017,2019,2,CIN,NFL,32,24,462,1943,4.21,12,60.7
225,Donnell Bennett,NHoF,1994,2001,7,TOT,NFL,102,29,529,1941,3.67,17,19
226,Jerick McKinnon,NHoF,2014,2017,3,MIN,NFL,58,14,474,1918,4.05,7,33.1
227,Ronnie Harmon,NHoF,1989,1997,8,TOT,NFL,139,14,388,1905,4.91,7,13.7
228,T.J. Yeldon,NHoF,2015,2019,4,TOT,NFL,55,30,473,1902,4.02,6,34.6
229,Steve Slaton,NHoF,2008,2011,3,TOT,NFL,45,26,442,1896,4.29,13,42.1
230,Alvin Kamara,NHoF,2017,2019,2,NOR,NFL,35,20,373,1891,5.07,23,54
231,Leonard Fournette,NHoF,2017,2019,2,JAX,NFL,25,25,473,1883,3.98,14,75.3
232,Sammie Smith,NHoF,1989,1992,3,TOT,NFL,44,35,532,1881,3.54,15,42.8
233,Terrell Fletcher,NHoF,1995,2002,7,SDG,NFL,111,14,526,1871,3.56,10,16.9
234,Moe Williams,NHoF,1996,2005,9,TOT,NFL,132,12,435,1826,4.2,21,13.8
235,Najeh Davenport,NHoF,2002,2008,6,TOT,NFL,73,3,394,1819,4.62,13,24.9
236,Terrance West,NHoF,2014,2017,3,TOT,NFL,43,23,465,1816,3.91,11,42.2
237,Tim Worley,NHoF,1989,1994,5,TOT,NFL,48,25,455,1792,3.94,8,37.3
238,Darick Holmes,NHoF,1995,1999,4,TOT,NFL,60,7,478,1769,3.7,11,29.5
239,Andre Ellington,NHoF,2013,2017,4,TOT,NFL,65,18,418,1752,4.19,10,27
240,Stacey Mack,NHoF,1999,2003,4,TOT,NFL,58,18,465,1751,3.77,23,30.2
241,Chris Carson,NHoF,2017,2019,2,SEA,NFL,23,22,390,1739,4.46,10,75.6
242,Vince Workman,NHoF,1989,1996,7,TOT,NFL,106,29,467,1737,3.72,13,16.4
243,Tony Richardson,NHoF,1995,2010,15,TOT,NFL,234,133,429,1727,4.03,15,7.4
244,Reggie Brooks,NHoF,1993,1996,3,TOT,NFL,41,20,437,1726,3.95,7,42.1
245,Zack Crockett,NHoF,1995,2007,12,TOT,NFL,175,58,510,1701,3.34,36,9.7
246,Richard Huntley,NHoF,1996,2002,6,TOT,NFL,63,13,364,1701,4.67,11,27
247,Peyton Barber,NHoF,2016,2019,3,TAM,NFL,51,25,450,1699,3.78,11,33.3
248,Dave Meggett,NHoF,1989,1998,9,TOT,NFL,146,12,398,1684,4.23,8,11.5
249,Rashaan Salaam,NHoF,1995,1999,4,TOT,NFL,33,20,471,1684,3.58,13,51
250,Jerome Harrison,NHoF,2006,2012,6,TOT,NFL,63,10,356,1681,4.72,7,26.7
251,Toby Gerhart,NHoF,2010,2015,5,TOT,NFL,82,14,397,1675,4.22,7,20.4
252,Robert Delpino,NHoF,1989,1993,4,TOT,NFL,73,27,468,1668,3.56,18,22.8
253,Kenny Watson,NHoF,2002,2008,6,TOT,NFL,83,9,358,1651,4.61,9,19.9
254,Bo Jackson,NHoF,1989,1990,1,RAI,NFL,21,9,298,1648,5.53,9,78.5
255,Darrell Thompson,NHoF,1990,1994,4,GNB,NFL,60,28,464,1641,3.54,7,27.4
256,Derek Loville,NHoF,1990,1999,9,TOT,NFL,111,23,466,1620,3.48,16,14.6
257,Marlon Mack,NHoF,2017,2019,2,CLT,NFL,30,13,360,1604,4.46,14,53.5
258,Eric Bieniemy,NHoF,1991,1999,8,TOT,NFL,142,1,387,1589,4.11,11,11.2
259,Keith Byars,NHoF,1989,1998,9,TOT,NFL,147,128,420,1589,3.78,13,10.8
260,Spencer Ware,NHoF,2013,2018,5,TOT,NFL,40,18,340,1580,4.65,11,39.5
261,Tashard Choice,NHoF,2008,2013,5,TOT,NFL,88,4,372,1579,4.24,10,17.9
262,Gerald Riggs,NHoF,1989,1991,2,WAS,NFL,38,7,402,1557,3.87,21,41
263,Saquon Barkley,NHoF,2018,2019,1,NYG,NFL,19,19,298,1544,5.18,12,81.3
264,Aaron Stecker,NHoF,2000,2009,9,TOT,NFL,129,16,386,1526,3.95,8,11.8
265,Amp Lee,NHoF,1992,2000,8,TOT,NFL,116,15,388,1512,3.9,7,13
266,Alex Collins,NHoF,2016,2018,2,TOT,NFL,36,22,357,1509,4.23,14,41.9
267,Matt Breida,NHoF,2017,2019,2,SFO,NFL,33,15,299,1505,5.03,5,45.6
268,Curtis Enis,NHoF,1998,2000,2,CHI,NFL,36,18,456,1497,3.28,4,41.6
269,Johnny Hector,NHoF,1989,1992,3,NYJ,NFL,49,15,354,1491,4.21,5,30.4
270,Shane Vereen,NHoF,2011,2017,6,TOT,NFL,79,9,356,1489,4.18,8,18.8
271,Daniel Thomas,NHoF,2011,2014,3,MIA,NFL,52,3,409,1480,3.62,10,28.5
272,Mike Bell,NHoF,2006,2010,4,TOT,NFL,53,7,395,1475,3.73,14,27.8
273,Roosevelt Potts,NHoF,1993,1998,5,TOT,NFL,71,61,359,1475,4.11,1,20.8
274,Kenyan Drake,NHoF,2016,2019,3,MIA,NFL,52,16,317,1471,4.64,9,28.3
275,Nick Goings,NHoF,2001,2008,7,CAR,NFL,105,13,400,1470,3.68,6,14
276,Lawrence Phillips,NHoF,1996,1999,3,TOT,NFL,35,20,424,1453,3.43,14,41.5
277,Steve Smith,NHoF,1989,1995,6,TOT,NFL,105,82,386,1447,3.75,6,13.8
278,Allen Pinkett,NHoF,1989,1991,2,OTI,NFL,47,22,331,1437,4.34,10,30.6
279,Duke Johnson,NHoF,2015,2019,4,TOT,NFL,68,10,322,1432,4.45,5,21.1
280,Tommy Vardell,NHoF,1992,1999,7,TOT,NFL,87,57,403,1427,3.54,18,16.4
281,Jamel White,NHoF,2000,2005,5,TOT,NFL,77,16,382,1423,3.73,9,18.5
282,Jason Snelling,NHoF,2007,2013,6,ATL,NFL,96,6,363,1420,3.91,8,14.8
283,Nick Chubb,NHoF,2018,2019,1,CLE,NFL,20,13,270,1394,5.16,12,69.7
284,Leroy Thompson,NHoF,1991,1996,5,TOT,NFL,80,9,404,1390,3.44,6,17.4
285,Derek Brown,NHoF,1993,1996,3,NOR,NFL,56,21,388,1383,3.56,6,24.7
286,Brandon Jackson,NHoF,2007,2012,5,TOT,NFL,54,16,355,1383,3.9,7,25.6
287,Dalvin Cook,NHoF,2017,2019,2,MIN,NFL,19,18,278,1379,4.96,9,72.6
288,Mike Rozier,NHoF,1989,1991,2,TOT,NFL,39,15,347,1379,3.97,5,35.4
289,Aaron Jones,NHoF,2017,2019,2,GNB,NFL,28,16,273,1371,5.02,16,49
290,Charles Way,NHoF,1995,1999,4,NYG,NFL,75,55,337,1356,4.02,10,18.1
291,Zac Stacy,NHoF,2013,2015,2,TOT,NFL,35,17,357,1355,3.8,9,38.7
292,Robert Turbin,NHoF,2012,2018,6,TOT,NFL,81,4,355,1354,3.81,9,16.7
293,Ray Zellars,NHoF,1995,1998,3,NOR,NFL,48,29,382,1351,3.54,11,28.1
294,Bernard Pierce,NHoF,2012,2015,3,TOT,NFL,52,3,359,1345,3.75,5,25.9
295,Thomas Rawls,NHoF,2015,2018,3,TOT,NFL,35,17,314,1336,4.25,7,38.2
296,Le'Ron McClain,NHoF,2007,2013,6,TOT,NFL,111,75,354,1310,3.7,13,11.8
297,Greg Bell,NHoF,1989,1990,1,TOT,NFL,22,15,319,1301,4.08,16,59.1
298,Mike Gillislee,NHoF,2013,2018,5,TOT,NFL,36,4,274,1291,4.71,16,35.9
299,Adrian Peterson,NHoF,2002,2009,7,CHI,NFL,106,6,311,1283,4.13,8,12.1
300,Freeman McNeil,NHoF,1989,1992,3,NYJ,NFL,52,13,273,1280,4.69,10,24.6
301,Richie Anderson,NHoF,1993,2004,11,TOT,NFL,161,82,318,1274,4.01,4,7.9
302,Fred McAfee,NHoF,1991,2006,15,TOT,NFL,194,6,304,1273,4.19,8,6.6
303,Scottie Graham,NHoF,1992,1997,5,TOT,NFL,57,9,364,1267,3.48,7,22.2
304,Ameer Abdullah,NHoF,2015,2019,4,TOT,NFL,46,22,330,1261,3.82,6,27.4
305,Matt Asiata,NHoF,2012,2016,4,MIN,NFL,74,16,361,1259,3.49,18,17
306,James Conner,NHoF,2017,2019,2,PIT,NFL,31,16,291,1256,4.32,13,40.5
307,Phillip Lindsay,NHoF,2018,2019,1,DEN,NFL,19,12,246,1250,5.08,11,65.8
308,Javorius Allen,NHoF,2015,2018,3,RAV,NFL,54,6,340,1249,3.67,8,23.1
309,Travis Minor,NHoF,2001,2008,7,TOT,NFL,118,4,307,1230,4.01,8,10.4
310,Robert Edwards,NHoF,1998,2002,4,TOT,NFL,28,15,311,1222,3.93,10,43.6
311,Kendall Hunter,NHoF,2011,2015,4,TOT,NFL,45,1,263,1204,4.58,7,26.8
312,Tom Rathman,NHoF,1989,1994,5,TOT,NFL,87,83,347,1198,3.45,22,13.8
313,Derrick Moore,NHoF,1993,1995,2,TOT,NFL,42,13,310,1197,3.86,11,28.5
314,Marc Logan,NHoF,1989,1997,8,TOT,NFL,127,40,286,1178,4.12,14,9.3
315,Jackie Battle,NHoF,2007,2014,7,TOT,NFL,96,10,326,1177,3.61,9,12.3
316,Roy Helu,NHoF,2011,2015,4,TOT,NFL,57,5,272,1171,4.31,7,20.5
317,Jonathan Wells,NHoF,2002,2005,3,HTX,NFL,60,18,374,1167,3.12,10,19.5
318,Sherman Williams,NHoF,1995,1999,4,DAL,NFL,60,3,302,1162,3.85,4,19.4
319,Gary Anderson,NHoF,1990,1993,3,TOT,NFL,57,23,321,1159,3.61,5,20.3
320,Isaac Redman,NHoF,2009,2013,4,PIT,NFL,50,7,282,1148,4.07,5,23
321,Brandon Bennett,NHoF,1998,2004,6,TOT,NFL,82,2,312,1144,3.67,6,14
322,Ki-Jana Carter,NHoF,1996,2004,8,TOT,NFL,59,14,319,1144,3.59,20,19.4
323,William Floyd,NHoF,1994,2000,6,TOT,NFL,90,79,355,1141,3.21,20,12.7
324,Robert Holcombe,NHoF,1998,2004,6,TOT,NFL,97,30,337,1141,3.39,11,11.8
325,Vaughn Hebron,NHoF,1993,1998,5,TOT,NFL,79,7,273,1137,4.16,7,14.4
326,Onterrio Smith,NHoF,2003,2004,1,MIN,NFL,26,9,231,1123,4.86,7,43.2
327,Skip Hicks,NHoF,1998,2001,3,TOT,NFL,38,8,285,1109,3.89,13,29.2
328,Jamaal Williams,NHoF,2017,2019,2,GNB,NFL,36,16,300,1107,3.69,7,30.8
329,Sony Michel,NHoF,2018,2019,1,NWE,NFL,17,11,271,1102,4.07,8,64.8
330,Chris Thompson,NHoF,2013,2019,6,WAS,NFL,59,1,229,1102,4.81,5,18.7
331,Trung Canidate,NHoF,2000,2003,3,TOT,NFL,46,13,240,1095,4.56,7,23.8
332,Devontae Booker,NHoF,2016,2019,3,DEN,NFL,49,6,287,1094,3.81,6,22.3
333,Andre Williams,NHoF,2014,2017,3,TOT,NFL,41,7,332,1090,3.28,8,26.6
334,Christine Michael,NHoF,2013,2018,5,TOT,NFL,38,9,256,1089,4.25,7,28.7
335,James Jackson,NHoF,2001,2005,4,TOT,NFL,52,16,325,1082,3.33,5,20.8
336,Bryce Brown,NHoF,2012,2015,3,TOT,NFL,42,7,251,1076,4.29,7,25.6
337,Lee Suggs,NHoF,2003,2006,3,TOT,NFL,29,3,269,1074,3.99,4,37
338,Rick Fenney,NHoF,1989,1991,2,MIN,NFL,39,13,261,1063,4.07,6,27.3
339,Jalen Richard,NHoF,2016,2019,3,RAI,NFL,52,2,203,1063,5.24,3,20.4
340,Denard Robinson,NHoF,2013,2016,3,JAX,NFL,55,13,263,1058,4.02,5,19.2
341,Bobby Rainey,NHoF,2012,2017,5,TOT,NFL,65,11,267,1055,3.95,6,16.2
342,Bernard Scott,NHoF,2009,2013,4,TOT,NFL,49,3,259,1049,4.05,4,21.4
343,Dexter Carter,NHoF,1990,1996,6,TOT,NFL,100,20,247,1042,4.22,5,10.4
344,Dexter McCluster,NHoF,2010,2016,6,TOT,NFL,89,27,250,1042,4.17,2,11.7
345,Orleans Darkwa,NHoF,2014,2017,3,TOT,NFL,52,13,246,1038,4.22,9,20
346,Robert Green,NHoF,1992,1997,5,TOT,NFL,71,7,221,1038,4.7,3,14.6
347,Austin Ekeler,NHoF,2017,2019,2,SDG,NFL,34,7,209,1034,4.95,8,30.4
348,Anthony Toney,NHoF,1989,1990,1,PHI,NFL,29,25,304,1034,3.4,4,35.7
349,Selvin Young,NHoF,2007,2008,1,DEN,NFL,23,13,201,1032,5.13,2,44.9
350,Theo Riddick,NHoF,2013,2018,5,DET,NFL,84,19,288,1023,3.55,5,12.2
351,Jonathan Dwyer,NHoF,2010,2014,4,TOT,NFL,38,6,246,1022,4.15,3,26.9
352,Brandon Bolden,NHoF,2012,2019,7,TOT,NFL,102,7,228,1012,4.44,9,9.9
353,Ryan Torain,NHoF,2008,2012,4,TOT,NFL,22,13,238,1011,4.25,6,46
354,Jonathan Linton,NHoF,1998,2000,2,BUF,NFL,44,4,288,1002,3.48,6,22.8
355,Charcandrick West,NHoF,2014,2018,4,KAN,NFL,52,11,268,998,3.72,7,19.2
356,Samkon Gado,NHoF,2005,2009,4,TOT,NFL,41,8,268,972,3.63,11,23.7
357,Tre Mason,NHoF,2014,2015,1,RAM,NFL,25,12,254,972,3.83,5,38.9
358,Kerwynn Williams,NHoF,2013,2017,4,TOT,NFL,39,6,218,971,4.45,4,24.9
359,Aaron Craver,NHoF,1991,1999,8,TOT,NFL,103,50,243,966,3.98,10,9.4
360,Chris Fuamatu-Ma'afala,NHoF,1998,2004,6,TOT,NFL,73,7,227,964,4.25,8,13.2
361,Matt Jones,NHoF,2015,2017,2,TOT,NFL,25,7,248,964,3.89,6,38.6
362,Ty Montgomery,NHoF,2015,2019,4,TOT,NFL,45,14,199,962,4.83,7,21.4
363,Brad Hoover,NHoF,2000,2009,9,CAR,NFL,152,93,284,961,3.38,3,6.3
364,Charles Sims,NHoF,2014,2017,3,TAM,NFL,47,2,245,958,3.91,2,20.4
365,Rock Cartwright,NHoF,2002,2011,9,TOT,NFL,154,5,228,956,4.19,6,6.2
366,LeShon Johnson,NHoF,1994,1999,5,TOT,NFL,62,12,253,955,3.77,5,15.4
367,Jesse Chatman,NHoF,2002,2008,6,TOT,NFL,58,6,212,951,4.49,4,16.4
368,Jahvid Best,NHoF,2010,2012,2,DET,NFL,22,15,255,945,3.71,6,43
369,Brent Fullwood,NHoF,1989,1990,1,TOT,NFL,21,19,248,945,3.81,6,45
370,Rex Burkhead,NHoF,2013,2019,6,TOT,NFL,64,9,232,937,4.04,9,14.6
371,Vaughn Dunbar,NHoF,1992,1995,3,TOT,NFL,39,14,267,935,3.5,5,24
372,Anthony Dixon,NHoF,2010,2015,5,TOT,NFL,96,2,274,934,3.41,11,9.7
373,Irving Spikes,NHoF,1994,1997,3,MIA,NFL,48,3,252,934,3.71,8,19.5
374,Lamont Warren,NHoF,1994,2002,8,TOT,NFL,96,12,287,922,3.21,8,9.6
375,Greg Jones,NHoF,2004,2013,9,TOT,NFL,131,72,272,913,3.36,10,7
376,Mack Strong,NHoF,1994,2007,13,SEA,NFL,201,104,230,909,3.95,5,4.5
377,Robert Kelley,NHoF,2016,2018,2,WAS,NFL,24,16,234,906,3.87,9,37.8
378,James White,NHoF,2014,2019,5,NWE,NFL,66,12,215,893,4.15,7,13.5
379,Kerryon Johnson,NHoF,2018,2019,1,DET,NFL,14,11,192,892,4.65,4,63.7
380,Greg Robinson,NHoF,1993,1996,3,TOT,NFL,28,13,228,890,3.9,2,31.8
381,Tony Fisher,NHoF,2002,2006,4,TOT,NFL,68,5,241,889,3.69,4,13.1
382,Mike Davis,NHoF,2015,2019,4,TOT,NFL,38,10,243,884,3.64,5,23.3
383,Vick Ballard,NHoF,2012,2014,2,CLT,NFL,17,13,224,877,3.92,2,51.6
384,Andre Brown,NHoF,2010,2013,3,TOT,NFL,22,10,214,876,4.09,11,39.8
385,Maurice Hicks,NHoF,2004,2008,4,TOT,NFL,66,5,205,869,4.24,6,13.2
386,Gus Edwards,NHoF,2018,2019,1,RAV,NFL,15,6,170,866,5.09,2,57.7
387,Artose Pinner,NHoF,2003,2007,4,TOT,NFL,47,7,250,858,3.43,8,18.3
388,Albert Bentley,NHoF,1989,1992,3,TOT,NFL,35,23,212,855,4.03,5,24.4
389,Wendell Smallwood,NHoF,2016,2019,3,TOT,NFL,41,12,212,854,4.03,5,20.8
390,Nick Bell,NHoF,1991,1993,2,RAI,NFL,35,5,226,853,3.77,7,24.4
391,Jon Vaughn,NHoF,1991,1994,3,TOT,NFL,61,9,207,846,4.09,4,13.9
392,Marcel Reece,NHoF,2009,2016,7,TOT,NFL,96,67,185,844,4.56,3,8.8
393,Tarik Cohen,NHoF,2017,2019,2,CHI,NFL,36,14,199,841,4.23,5,23.4
394,Johnny Bailey,NHoF,1990,1995,5,TOT,NFL,81,4,189,832,4.4,6,10.3
395,Gill Fenerty,NHoF,1990,1991,1,NOR,NFL,31,12,212,832,3.92,5,26.8
396,Bob Christian,NHoF,1992,2002,10,TOT,NFL,135,82,193,831,4.31,12,6.2
397,Ryan Moats,NHoF,2005,2009,4,TOT,NFL,38,3,204,831,4.07,8,21.9
398,Anthony Thompson,NHoF,1990,1992,2,TOT,NFL,37,7,251,831,3.31,6,22.5
399,Maurice Smith,NHoF,2000,2002,2,ATL,NFL,28,12,256,829,3.24,5,29.6
400,Brian Leonard,NHoF,2007,2014,7,TOT,NFL,88,9,221,828,3.75,0,9.4
401,James Joseph,NHoF,1991,1995,4,TOT,NFL,78,16,250,823,3.29,4,10.6
402,Joseph Randle,NHoF,2013,2015,2,DAL,NFL,35,8,181,822,4.54,9,23.5
403,Derrick Blaylock,NHoF,2002,2006,4,TOT,NFL,51,8,198,820,4.14,10,16.1
404,Glyn Milburn,NHoF,1993,2001,8,TOT,NFL,138,9,183,817,4.46,2,5.9
405,Mikel Leshoure,NHoF,2012,2013,1,DET,NFL,17,14,217,807,3.72,9,47.5
406,Lorenzo Neal,NHoF,1993,2008,15,TOT,NFL,239,131,226,807,3.57,6,3.4
407,Knile Davis,NHoF,2013,2016,3,TOT,NFL,57,2,250,805,3.22,11,14.1
408,Todd McNair,NHoF,1989,1996,7,TOT,NFL,121,10,147,803,5.46,3,6.6
409,Lance Ball,NHoF,2008,2012,4,TOT,NFL,42,0,192,801,4.17,2,19.1
410,Leon Johnson,NHoF,1997,2003,6,TOT,NFL,74,7,217,799,3.68,9,10.8
411,Benny Cunningham,NHoF,2013,2018,5,TOT,NFL,86,3,191,797,4.17,4,9.3
412,DeAndre Washington,NHoF,2016,2019,3,RAI,NFL,43,2,191,792,4.15,4,18.4
413,Keith Jones,NHoF,1989,1992,3,ATL,NFL,50,30,215,791,3.68,6,15.8
414,Khiry Robinson,NHoF,2013,2016,3,TOT,NFL,29,3,194,788,4.06,8,27.2
415,Aaron Hayden,NHoF,1995,1998,3,TOT,NFL,32,4,215,784,3.65,4,24.5
416,Mike Goodson,NHoF,2009,2013,4,TOT,NFL,42,3,167,783,4.69,3,18.6
417,Warren Williams,NHoF,1989,1993,4,TOT,NFL,56,9,164,782,4.77,8,14
418,Keith Woodside,NHoF,1989,1991,2,GNB,NFL,48,41,176,781,4.44,3,16.3
419,Lamar Gordon,NHoF,2002,2006,4,TOT,NFL,41,15,226,774,3.42,3,18.9
420,Branden Oliver,NHoF,2014,2017,3,SDG,NFL,30,8,226,773,3.42,3,25.8
421,Curt Warner,NHoF,1989,1990,1,TOT,NFL,23,17,243,770,3.17,4,33.5
422,Damien Williams,NHoF,2014,2019,5,TOT,NFL,76,9,205,767,3.74,8,10.1
423,Jeremy Langford,NHoF,2015,2018,3,TOT,NFL,29,5,219,762,3.48,10,26.3
424,Bishop Sankey,NHoF,2014,2015,1,OTI,NFL,29,12,199,762,3.83,3,26.3
425,Keith Henderson,NHoF,1989,1992,3,TOT,NFL,37,1,194,755,3.89,4,20.4
426,Daryl Johnston,NHoF,1989,1999,10,DAL,NFL,151,122,232,753,3.25,8,5
427,Carwell Gardner,NHoF,1990,1997,7,TOT,NFL,101,30,211,749,3.55,10,7.4
428,Ron Rivers,NHoF,1995,2000,5,TOT,NFL,75,6,175,749,4.28,3,10
429,J.J. Johnson,NHoF,1999,2001,2,MIA,NFL,36,5,219,748,3.42,5,20.8
430,Wayne Gallman,NHoF,2017,2019,2,NYG,NFL,32,4,187,745,3.98,3,23.3
431,Verron Haynes,NHoF,2002,2009,7,TOT,NFL,68,2,174,738,4.24,3,10.9
432,Jermaine Fazande,NHoF,1999,2000,1,SDG,NFL,20,10,210,733,3.49,4,36.7
433,Montee Ball,NHoF,2013,2014,1,DEN,NFL,21,3,175,731,4.18,5,34.8
434,Leeland McElroy,NHoF,1996,1997,1,CRD,NFL,30,14,224,729,3.25,3,24.3
435,Vernand Morency,NHoF,2005,2007,2,TOT,NFL,39,3,171,726,4.25,4,18.6
436,Shaun Draughn,NHoF,2011,2016,5,TOT,NFL,57,7,225,723,3.21,7,12.7
437,Byron Hanspard,NHoF,1997,1999,2,ATL,NFL,28,4,189,718,3.8,1,25.6
438,Kenneth Dixon,NHoF,2016,2018,2,RAV,NFL,18,0,148,715,4.83,4,39.7
439,Royce Freeman,NHoF,2018,2019,1,DEN,NFL,18,8,172,710,4.13,5,39.4
440,Chris Ogbonnaya,NHoF,2009,2014,5,TOT,NFL,53,12,158,710,4.49,2,13.4
441,Jerald Moore,NHoF,1996,2000,4,TOT,NFL,42,14,207,705,3.41,6,16.8
442,John Settle,NHoF,1989,1990,1,ATL,NFL,21,15,188,705,3.75,3,33.6
443,Bob Perryman,NHoF,1989,1992,3,TOT,NFL,43,29,206,703,3.41,3,16.3
444,Daryl Richardson,NHoF,2012,2016,4,TOT,NFL,27,3,169,697,4.12,0,25.8
445,Rodney Culver,NHoF,1992,1995,3,TOT,NFL,43,5,241,689,2.86,13,16
446,Zach Zenner,NHoF,2015,2018,3,DET,NFL,36,6,174,685,3.94,8,19
447,Leonard Weaver,NHoF,2005,2010,5,TOT,NFL,63,19,151,679,4.5,3,10.8
448,Cedric Houston,NHoF,2005,2006,1,NYJ,NFL,20,5,194,676,3.48,7,33.8
449,J.R. Redmond,NHoF,2000,2004,4,TOT,NFL,50,6,194,676,3.48,1,13.5
450,LaRod Stephens-Howling,NHoF,2009,2013,4,TOT,NFL,58,10,188,670,3.56,5,11.6
451,John Kuhn,NHoF,2006,2017,11,TOT,NFL,166,36,217,658,3.03,19,4
452,Quentin Griffin,NHoF,2003,2004,1,DEN,NFL,16,5,179,656,3.66,2,41
453,J.J. Arrington,NHoF,2005,2008,3,CRD,NFL,58,8,183,654,3.57,3,11.3
454,Darnell Autry,NHoF,1997,2000,3,TOT,NFL,24,10,224,653,2.92,4,27.2
455,Mike Cloud,NHoF,1999,2005,6,TOT,NFL,78,7,193,648,3.36,12,8.3
456,Greg Lewis,NHoF,1991,1992,1,DEN,NFL,32,6,172,644,3.74,8,20.1
457,Samaje Perine,NHoF,2017,2019,2,TOT,NFL,25,8,183,635,3.47,1,25.4
458,Kevin Turner,NHoF,1992,1999,7,TOT,NFL,106,65,160,635,3.97,1,6
459,Kahlil Bell,NHoF,2009,2013,4,TOT,NFL,30,3,148,633,4.28,0,21.1
460,Jason Wright,NHoF,2004,2010,6,TOT,NFL,80,5,168,633,3.77,2,7.9
461,Harry Sydney,NHoF,1989,1992,3,TOT,NFL,55,10,152,630,4.14,9,11.5
462,Jarrod Bunch,NHoF,1991,1994,3,TOT,NFL,48,22,138,629,4.56,5,13.1
463,Malcolm Brown,NHoF,2015,2019,4,RAM,NFL,45,1,154,628,4.08,3,14
464,Alonzo Highsmith,NHoF,1989,1992,3,TOT,NFL,41,23,160,623,3.89,4,15.2
465,Jonathan Grimes,NHoF,2012,2016,4,TOT,NFL,53,3,141,619,4.39,2,11.7
466,Fozzy Whittaker,NHoF,2012,2017,5,TOT,NFL,67,4,149,615,4.13,2,9.2
467,Fred Beasley,NHoF,1998,2005,7,SFO,NFL,114,80,183,610,3.33,8,5.4
468,Chris Perry,NHoF,2004,2008,4,CIN,NFL,35,9,177,606,3.42,2,17.3
469,Chris Polk,NHoF,2012,2015,3,TOT,NFL,51,2,156,604,3.87,8,11.8
470,Lars Tate,NHoF,1989,1990,1,TOT,NFL,18,14,170,594,3.49,8,33
471,Elijah McGuire,NHoF,2017,2018,1,NYJ,NFL,24,5,180,591,3.28,4,24.6
472,DuJuan Harris,NHoF,2011,2016,5,TOT,NFL,38,4,145,590,4.07,2,15.5
473,Jonas Gray,NHoF,2012,2015,3,TOT,NFL,16,3,134,588,4.39,5,36.8
474,Eric Ball,NHoF,1989,1995,6,TOT,NFL,97,29,158,586,3.71,8,6
475,Rueben Mayes,NHoF,1990,1993,3,TOT,NFL,32,8,167,586,3.51,7,18.3
476,Corey Clement,NHoF,2017,2019,2,PHI,NFL,30,0,142,580,4.08,6,19.3
477,Heath Evans,NHoF,2001,2010,9,TOT,NFL,143,23,164,579,3.53,4,4
478,Randy Jordan,NHoF,1993,2002,9,TOT,NFL,122,5,152,574,3.78,7,4.7
479,LaBrandon Toefield,NHoF,2003,2007,4,JAX,NFL,45,3,163,572,3.51,7,12.7
480,Aveion Cason,NHoF,2001,2008,7,TOT,NFL,56,5,126,562,4.46,3,10
481,Jason Brookins,NHoF,2001,2001,0,RAV,NFL,12,3,151,551,3.65,5,45.9
482,Larry Kinnebrew,NHoF,1989,1990,1,BUF,NFL,17,10,140,551,3.94,7,32.4
483,Darrin Nelson,NHoF,1989,1992,3,TOT,NFL,60,0,108,550,5.09,2,9.2
484,Stanley Pritchett,NHoF,1996,2004,8,TOT,NFL,120,57,149,549,3.68,5,4.6
485,Paul Perkins,NHoF,2016,2017,1,NYG,NFL,25,5,153,546,3.57,0,21.8
486,Kolby Smith,NHoF,2007,2009,2,KAN,NFL,27,9,162,540,3.33,3,20
487,Montario Hardesty,NHoF,2011,2012,1,CLE,NFL,23,5,153,537,3.51,1,23.3
488,Antonio Andrews,NHoF,2014,2016,2,OTI,NFL,34,10,145,535,3.69,3,15.7
489,Kenton Keith,NHoF,2007,2007,0,CLT,NFL,16,1,121,533,4.4,3,33.3
490,Jordan Todman,NHoF,2011,2017,6,TOT,NFL,75,3,124,531,4.28,3,7.1
491,Patrick Pass,NHoF,2000,2007,7,TOT,NFL,79,11,128,526,4.11,3,6.7
492,Travis Prentice,NHoF,2000,2001,1,TOT,NFL,30,11,187,525,2.81,9,17.5
493,John Avery,NHoF,1998,2003,5,TOT,NFL,29,0,149,524,3.52,2,18.1
494,Tim Spencer,NHoF,1989,1990,1,SDG,NFL,20,11,134,521,3.89,3,26.1
495,Rashaad Penny,NHoF,2018,2019,1,SEA,NFL,17,0,107,517,4.83,3,30.4
496,Karlos Williams,NHoF,2015,2015,0,BUF,NFL,11,3,93,517,5.56,7,47
497,Alfred Anderson,NHoF,1989,1991,2,MIN,NFL,38,19,137,514,3.75,5,13.5
498,Josh Adams,NHoF,2018,2018,0,PHI,NFL,14,5,120,511,4.26,3,36.5
499,Alex Green,NHoF,2011,2013,2,TOT,NFL,29,4,149,510,3.42,0,17.6
500,Joe McKnight,NHoF,2010,2014,4,TOT,NFL,41,1,113,505,4.47,0,12.3
501,David Wilson,NHoF,2012,2014,2,NYG,NFL,21,6,115,504,4.38,5,24
502,Travis Jervey,NHoF,1995,2003,8,TOT,NFL,109,5,129,503,3.9,2,4.6
503,Michael Wiley,NHoF,2000,2002,2,DAL,NFL,42,1,80,503,6.29,1,12
504,Earl Ferrell,NHoF,1989,1989,0,CRD,NFL,15,15,149,502,3.37,6,33.5
505,Ken Oxendine,NHoF,1998,1999,1,ATL,NFL,21,9,159,502,3.16,1,23.9
506,Delone Carter,NHoF,2011,2013,2,TOT,NFL,27,3,133,499,3.75,5,18.5
507,Raheem Mostert,NHoF,2015,2019,4,TOT,NFL,37,0,75,499,6.65,1,13.5
508,Charles Evans,NHoF,1993,2000,7,TOT,NFL,98,45,156,498,3.19,4,5.1
509,Arlen Harris,NHoF,2003,2006,3,TOT,NFL,56,6,167,497,2.98,6,8.9
510,Mark Green,NHoF,1989,1992,3,CHI,NFL,53,5,116,496,4.28,6,9.4
511,Musa Smith,NHoF,2003,2007,4,RAV,NFL,49,1,132,496,3.76,4,10.1
512,Roger Vick,NHoF,1989,1990,1,TOT,NFL,30,10,128,492,3.84,6,16.4
513,Cameron Artis-Payne,NHoF,2015,2018,3,CAR,NFL,32,3,118,491,4.16,5,15.3
514,Javon Ringer,NHoF,2009,2012,3,OTI,NFL,37,0,120,486,4.05,3,13.1
515,Craig Taylor,NHoF,1989,1991,2,CIN,NFL,36,4,114,480,4.21,7,13.3
516,Wali Lundy,NHoF,2006,2006,0,HTX,NFL,14,8,124,476,3.84,4,34
517,Lance Dunbar,NHoF,2012,2017,5,TOT,NFL,58,0,105,473,4.5,2,8.2
518,Cory Schlesinger,NHoF,1995,2006,11,DET,NFL,181,87,167,473,2.83,5,2.6
519,Sammy Winder,NHoF,1989,1990,1,DEN,NFL,31,4,152,471,3.1,4,15.2
520,Dan Herron,NHoF,2012,2015,3,TOT,NFL,35,3,112,468,4.18,1,13.4
521,Dwayne Washington,NHoF,2016,2019,3,TOT,NFL,34,2,137,463,3.38,1,13.6
522,Keiland Williams,NHoF,2010,2012,2,TOT,NFL,44,3,125,459,3.67,5,10.4
523,Ickey Woods,NHoF,1989,1991,2,CIN,NFL,21,10,129,459,3.56,12,21.9
524,Thomas Sanders,NHoF,1989,1991,2,TOT,NFL,31,3,151,457,3.03,2,14.7
525,Jay Graham,NHoF,1997,2002,5,TOT,NFL,36,4,129,454,3.52,2,12.6
526,Corey Grant,NHoF,2015,2018,3,JAX,NFL,38,2,81,454,5.6,3,11.9
527,Troy Davis,NHoF,1997,1999,2,NOR,NFL,46,11,150,446,2.97,1,9.7
528,Michael Haddix,NHoF,1989,1990,1,GNB,NFL,32,13,142,446,3.14,0,13.9
529,Paul Palmer,NHoF,1989,1989,0,2TM,NFL,14,8,112,446,3.98,2,31.9
530,Ka'Deem Carey,NHoF,2014,2016,2,CHI,NFL,36,1,111,443,3.99,2,12.3
531,Antonio Pittman,NHoF,2007,2008,1,RAM,NFL,23,5,117,435,3.72,0,18.9
532,Kenny Bynum,NHoF,1997,2000,3,SDG,NFL,53,5,140,433,3.09,1,8.2
533,Tim Manoa,NHoF,1989,1991,2,TOT,NFL,25,20,114,433,3.8,4,17.3
534,Jordan Wilkins,NHoF,2018,2019,1,CLT,NFL,20,3,72,433,6.01,1,21.7
535,Darren Lewis,NHoF,1991,1993,2,CHI,NFL,33,6,112,431,3.85,4,13.1
536,James Mungro,NHoF,2002,2005,3,CLT,NFL,43,1,133,430,3.23,10,10
537,Reggie Rivers,NHoF,1991,1996,5,DEN,NFL,96,6,138,428,3.1,6,4.5
538,Justin Watson,NHoF,1999,2001,2,RAM,NFL,33,2,102,428,4.2,4,13
539,William Henderson,NHoF,1995,2006,11,GNB,NFL,188,112,123,426,3.46,5,2.3
540,Troy Stradford,NHoF,1989,1992,3,TOT,NFL,39,4,116,426,3.67,2,10.9
541,Michael Robinson,NHoF,2006,2013,7,TOT,NFL,112,19,115,422,3.67,2,3.8
542,Buford McGee,NHoF,1989,1992,3,TOT,NFL,52,35,92,417,4.53,2,8
543,Evan Royster,NHoF,2011,2013,2,WAS,NFL,32,2,81,416,5.14,2,13
544,Maurice Carthon,NHoF,1989,1992,3,TOT,NFL,64,36,129,414,3.21,0,6.5
545,Cecil Collins,NHoF,1999,1999,0,MIA,NFL,8,6,131,414,3.16,2,51.8
546,Obafemi Ayanbadejo,NHoF,1998,2006,8,TOT,NFL,101,18,123,413,3.36,5,4.1
547,Justin Griffith,NHoF,2003,2009,6,TOT,NFL,96,73,94,413,4.39,1,4.3
548,Kenneth Darby,NHoF,2007,2010,3,TOT,NFL,41,1,95,408,4.29,2,10
549,Dee Brown,NHoF,2002,2006,4,TOT,NFL,43,3,119,405,3.4,4,9.4
550,Marc Edwards,NHoF,1997,2005,8,TOT,NFL,132,82,124,405,3.27,3,3.1
551,Jacob Hester,NHoF,2008,2012,4,TOT,NFL,65,23,111,400,3.6,3,6.2
552,Stepfan Taylor,NHoF,2013,2016,3,CRD,NFL,61,4,120,393,3.28,1,6.4
553,Ito Smith,NHoF,2018,2019,1,ATL,NFL,18,0,103,389,3.78,5,21.6
554,Kenjon Barner,NHoF,2013,2019,6,TOT,NFL,57,1,96,388,4.04,3,6.8
555,Chad Morton,NHoF,2000,2006,6,TOT,NFL,93,5,89,382,4.29,0,4.1
556,Terron Ward,NHoF,2015,2017,2,ATL,NFL,32,0,90,375,4.17,1,11.7
557,Danny Ware,NHoF,2007,2012,5,TOT,NFL,61,2,92,375,4.08,1,6.1
558,Joe Montgomery,NHoF,1999,2002,3,TOT,NFL,13,5,123,372,3.02,4,28.6
559,George Jones,NHoF,1997,1999,2,TOT,NFL,34,1,119,371,3.12,1,10.9
560,Jerry Ellison,NHoF,1995,1999,4,TOT,NFL,76,5,74,368,4.97,5,4.8
561,Stanford Jennings,NHoF,1989,1992,3,TOT,NFL,48,6,100,364,3.64,3,7.6
562,Rod Smith,NHoF,2015,2018,3,TOT,NFL,49,2,101,364,3.6,5,7.4
563,Andre Hall,NHoF,2007,2008,1,DEN,NFL,18,1,79,360,4.56,2,20
564,William Howard,NHoF,1989,1989,0,TAM,NFL,16,12,108,357,3.31,1,22.3
565,Howard Griffith,NHoF,1993,2000,7,TOT,NFL,121,87,121,351,2.9,3,2.9
566,Mike James,NHoF,2013,2016,3,TAM,NFL,23,3,83,351,4.23,0,15.3
567,Cedric Peerman,NHoF,2009,2016,7,TOT,NFL,92,1,70,349,4.99,1,3.8
568,Justin Jackson,NHoF,2018,2019,1,SDG,NFL,16,1,68,348,5.12,2,21.8
569,Juwan Thompson,NHoF,2014,2016,2,DEN,NFL,38,2,80,346,4.33,4,9.1
570,Nyheim Hines,NHoF,2018,2019,1,CLT,NFL,20,5,96,345,3.59,2,17.3
571,Antone Smith,NHoF,2010,2016,6,TOT,NFL,67,0,40,344,8.6,4,5.1
572,Deji Karim,NHoF,2010,2013,3,TOT,NFL,33,0,110,341,3.1,0,10.3
573,Jamie Morris,NHoF,1989,1990,1,TOT,NFL,17,3,126,340,2.7,2,20
574,Lorenzo Taliaferro,NHoF,2014,2016,2,RAV,NFL,19,0,82,339,4.13,5,17.8
575,Marvin Allen,NHoF,1989,1991,2,NWE,NFL,26,3,87,338,3.89,2,13
576,Joe Aska,NHoF,1995,1997,2,RAI,NFL,23,2,74,336,4.54,1,14.6
577,DeShawn Wynn,NHoF,2007,2010,3,TOT,NFL,23,4,64,332,5.19,5,14.4
578,Terry Jackson,NHoF,1999,2005,6,SFO,NFL,100,2,70,331,4.73,2,3.3
579,Pat Chaffey,NHoF,1991,1993,2,TOT,NFL,31,2,61,330,5.41,2,10.6
580,Shaud Williams,NHoF,2004,2006,2,BUF,NFL,25,0,89,330,3.71,2,13.2
581,Buford Jordan,NHoF,1989,1992,3,NOR,NFL,33,13,85,329,3.87,5,10
582,Tony Smith,NHoF,1992,1994,2,ATL,NFL,33,6,87,329,3.78,2,10
583,Sam Gash,NHoF,1992,2003,11,TOT,NFL,177,78,121,327,2.7,2,1.8
584,D'Onta Foreman,NHoF,2017,2018,1,HTX,NFL,11,1,85,326,3.84,2,29.6
585,Robert Chancey,NHoF,1997,2000,3,TOT,NFL,29,4,85,320,3.76,4,11
586,Jeff Wilson,NHoF,2018,2019,1,SFO,NFL,8,2,84,318,3.79,4,39.8
587,Doug Chapman,NHoF,2001,2003,2,MIN,NFL,26,3,90,317,3.52,0,12.2
588,June Henley,NHoF,1998,1998,0,RAM,NFL,11,3,88,313,3.56,3,28.5
589,Lincoln Coleman,NHoF,1993,1994,1,DAL,NFL,18,0,98,312,3.18,3,17.3
590,Kapri Bibbs,NHoF,2014,2018,4,TOT,NFL,28,0,71,311,4.38,3,11.1
591,Michael Basnight,NHoF,1999,1999,0,CIN,NFL,13,1,62,308,4.97,0,23.7
592,Tommie Agee,NHoF,1989,1994,5,TOT,NFL,84,11,90,307,3.41,1,3.7
593,Josh Jacobs,NHoF,2019,2019,0,RAI,NFL,4,4,62,307,4.95,2,76.8
594,Jaylen Samuels,NHoF,2018,2019,1,PIT,NFL,18,3,71,304,4.28,1,16.9
595,Wilmont Perry,NHoF,1998,1999,1,NOR,NFL,13,5,78,302,3.87,0,23.2
596,Steve Sewell,NHoF,1989,1991,2,DEN,NFL,44,5,74,301,4.07,5,6.8
597,James Saxon,NHoF,1989,1995,6,TOT,NFL,95,12,85,297,3.49,3,3.1
598,Lousaka Polite,NHoF,2004,2012,8,TOT,NFL,82,32,95,296,3.12,1,3.6
599,Rashaan Shehee,NHoF,1998,1999,1,KAN,NFL,25,5,87,295,3.39,1,11.8
600,James Wilder,NHoF,1989,1990,1,TOT,NFL,31,4,81,295,3.64,0,9.5
601,Elvis Joseph,NHoF,2001,2002,1,JAX,NFL,29,3,68,294,4.32,0,10.1
602,Montell Owens,NHoF,2006,2014,8,TOT,NFL,111,4,56,292,5.21,3,2.6
603,Marcus Murphy,NHoF,2015,2018,3,TOT,NFL,28,1,60,291,4.85,0,10.4
604,Joe Morris,NHoF,1991,1991,0,CLE,NFL,16,4,93,289,3.11,2,18.1
605,Garrett Wolfe,NHoF,2007,2010,3,CHI,NFL,50,0,72,282,3.92,1,5.6
606,Quinton Ganther,NHoF,2006,2010,4,TOT,NFL,36,5,80,280,3.5,3,7.8
607,Ronald Jones,NHoF,2018,2019,1,TAM,NFL,13,0,73,278,3.81,2,21.4
608,Clif Groce,NHoF,1995,2000,5,TOT,NFL,47,29,67,276,4.12,1,5.9
609,Noah Herron,NHoF,2005,2006,1,TOT,NFL,23,0,85,273,3.21,3,11.9
610,David Lang,NHoF,1991,1995,4,TOT,NFL,67,11,49,273,5.57,5,4.1
611,J.D. McKissic,NHoF,2016,2019,3,TOT,NFL,23,2,57,273,4.79,1,11.9
612,Derrick Lassic,NHoF,1993,1993,0,DAL,NFL,10,3,75,269,3.59,3,26.9
613,De'Mond Parker,NHoF,1999,2000,1,GNB,NFL,19,0,54,269,4.98,2,14.2
614,D.J. Dozier,NHoF,1989,1991,2,TOT,NFL,26,7,61,267,4.38,0,10.3
615,Chase Edmonds,NHoF,2018,2019,1,CRD,NFL,20,1,71,267,3.76,2,13.4
616,Tyson Thompson,NHoF,2005,2007,2,DAL,NFL,30,0,73,266,3.64,1,8.9
617,Mike Hart,NHoF,2008,2010,2,CLT,NFL,21,1,71,264,3.72,2,12.6
618,Darius Walker,NHoF,2007,2007,0,HTX,NFL,4,2,58,264,4.55,1,66
619,Sedrick Shaw,NHoF,1997,1999,2,TOT,NFL,18,1,55,258,4.69,1,14.3
620,Tony Carter,NHoF,1994,2002,8,TOT,NFL,133,65,76,256,3.37,2,1.9
621,Napoleon McCallum,NHoF,1990,1994,4,RAI,NFL,59,1,81,254,3.14,5,4.3
622,Corey Croom,NHoF,1993,1995,2,NWE,NFL,43,2,73,252,3.45,1,5.9
623,Marcus Dupree,NHoF,1990,1991,1,RAM,NFL,15,2,68,251,3.69,1,16.7
624,Jamie Mueller,NHoF,1989,1990,1,BUF,NFL,30,11,75,251,3.35,2,8.4
625,Jamal Robertson,NHoF,2002,2006,4,TOT,NFL,35,0,62,248,4,2,7.1
626,Brock Forsey,NHoF,2003,2004,1,TOT,NFL,16,2,69,244,3.54,2,15.3
627,Jerald Sowell,NHoF,1997,2006,9,TOT,NFL,148,48,61,244,4,1,1.6
628,Dante Hall,NHoF,2000,2008,8,TOT,NFL,112,11,54,242,4.48,0,2.2
629,Alvin Pearman,NHoF,2005,2009,4,TOT,NFL,38,0,58,238,4.1,2,6.3
630,Tony Paige,NHoF,1989,1992,3,TOT,NFL,61,49,79,236,2.99,3,3.9
631,Randy Baldwin,NHoF,1991,1996,5,TOT,NFL,65,2,74,231,3.12,0,3.6
632,Lorenzo Booker,NHoF,2007,2011,4,TOT,NFL,36,2,61,230,3.77,0,6.4
633,Akeem Hunt,NHoF,2015,2017,2,TOT,NFL,30,1,45,228,5.07,0,7.6
634,Tracy Johnson,NHoF,1989,1996,7,TOT,NFL,121,25,60,228,3.8,6,1.9
635,Curtis Brinkley,NHoF,2010,2012,2,SDG,NFL,23,2,71,227,3.2,1,9.9
636,Glen Coffee,NHoF,2009,2009,0,SFO,NFL,14,2,83,226,2.72,1,16.1
637,Tavian Banks,NHoF,1998,1999,1,JAX,NFL,14,2,49,222,4.53,1,15.9
638,Terrence Flagler,NHoF,1989,1991,2,TOT,NFL,35,0,47,221,4.7,2,6.3
639,Kalen Ballage,NHoF,2018,2019,1,MIA,NFL,16,2,55,220,4,1,13.8
640,Chris Jennings,NHoF,2009,2009,0,CLE,NFL,9,1,63,220,3.49,1,24.4
641,Cecil Sapp,NHoF,2003,2008,5,TOT,NFL,61,9,51,220,4.31,2,3.6
642,Le'Shai Maston,NHoF,1993,1998,5,TOT,NFL,47,18,50,218,4.36,0,4.6
643,William Powell,NHoF,2012,2014,2,TOT,NFL,13,1,60,217,3.62,0,16.7
644,Herman Heard,NHoF,1989,1989,0,KAN,NFL,16,10,63,216,3.43,0,13.5
645,ReShard Lee,NHoF,2004,2006,2,TOT,NFL,37,4,59,216,3.66,3,5.8
646,Winslow Oliver,NHoF,1996,2000,4,TOT,NFL,64,0,56,215,3.84,0,3.4
647,Autry Denson,NHoF,1999,2002,3,TOT,NFL,34,1,62,212,3.42,0,6.2
648,Tony Jordan,NHoF,1989,1989,0,CRD,NFL,13,8,83,211,2.54,2,16.2
649,Paul Smith,NHoF,2000,2007,7,TOT,NFL,79,8,46,210,4.57,1,2.7
650,Eric Lynch,NHoF,1992,1996,4,DET,NFL,37,5,56,209,3.73,2,5.6
651,C.J. Prosise,NHoF,2016,2019,3,SEA,NFL,20,2,51,208,4.08,2,10.4
652,Frank Moreau,NHoF,2000,2001,1,TOT,NFL,14,1,75,206,2.75,5,14.7
653,Jamize Olawale,NHoF,2012,2019,7,TOT,NFL,97,17,55,206,3.75,4,2.1
654,Vance Mueller,NHoF,1989,1990,1,RAI,NFL,32,3,61,204,3.34,2,6.4
655,Tyrone Montgomery,NHoF,1993,1994,1,RAI,NFL,18,6,73,203,2.78,0,11.3
656,KaRon Coleman,NHoF,2000,2002,2,DEN,NFL,15,0,58,200,3.45,1,13.3
657,Gene Lang,NHoF,1989,1990,1,ATL,NFL,18,7,56,200,3.57,1,11.1
658,David Montgomery,NHoF,2019,2019,0,CHI,NFL,4,2,58,200,3.45,1,50
659,Allen Rice,NHoF,1989,1991,2,TOT,NFL,25,3,58,199,3.43,0,8
660,Travaris Cadet,NHoF,2012,2018,6,TOT,NFL,73,3,60,197,3.28,0,2.7
661,Reggie Dupard,NHoF,1989,1990,1,TOT,NFL,21,2,56,196,3.5,1,9.3
662,Reno Mahe,NHoF,2003,2007,4,PHI,NFL,55,1,47,196,4.17,0,3.6
663,Ivory Lee Brown,NHoF,1992,1992,0,CRD,NFL,7,5,68,194,2.85,2,27.7
664,Brian Hill,NHoF,2017,2019,2,TOT,NFL,18,0,31,194,6.26,0,10.8
665,Joe Burns,NHoF,2002,2005,3,BUF,NFL,58,1,64,193,3.02,0,3.3
666,LaMichael James,NHoF,2012,2015,3,TOT,NFL,18,0,44,193,4.39,0,10.7
667,Kenneth Farrow,NHoF,2016,2016,0,SDG,NFL,13,2,60,192,3.2,0,14.8
668,Jeff Cothran,NHoF,1994,1996,2,CIN,NFL,39,28,57,191,3.35,1,4.9
669,De Dorsey,NHoF,2006,2008,2,TOT,NFL,29,2,26,191,7.35,0,6.6
670,Mel Bratton,NHoF,1989,1990,1,DEN,NFL,32,6,57,190,3.33,4,5.9
671,Ricky Williams,NHoF,2002,2003,1,CLT,NFL,23,4,59,190,3.22,2,8.3
672,Aaron Brown,NHoF,2009,2011,2,DET,NFL,22,2,45,189,4.2,0,8.6
673,Robert Drummond,NHoF,1989,1991,2,PHI,NFL,36,1,52,187,3.6,3,5.2
674,Jalen Parmele,NHoF,2008,2014,6,TOT,NFL,36,2,48,187,3.9,0,5.2
675,De'Anthony Thomas,NHoF,2014,2019,5,KAN,NFL,58,6,29,186,6.41,2,3.2
676,Terrelle Smith,NHoF,2000,2009,9,TOT,NFL,146,84,58,185,3.19,0,1.3
677,Darrel Young,NHoF,2010,2015,5,WAS,NFL,90,36,51,185,3.63,7,2.1
678,Dennis Johnson,NHoF,2013,2013,0,HTX,NFL,8,1,49,183,3.73,0,22.9
679,Taiwan Jones,NHoF,2011,2019,8,TOT,NFL,82,0,44,183,4.16,0,2.2
680,Tremayne Stephens,NHoF,1998,1999,1,SDG,NFL,24,3,59,183,3.1,4,7.6
681,Robert Wilson,NHoF,1991,1996,5,TOT,NFL,51,15,45,183,4.07,0,3.6
682,Sedrick Irvin,NHoF,1999,2000,1,DET,NFL,20,0,45,182,4.04,4,9.1
683,Curvin Richards,NHoF,1991,1993,2,TOT,NFL,12,0,55,181,3.29,1,15.1
684,Marrio Grier,NHoF,1996,1997,1,NWE,NFL,32,0,60,180,3,2,5.6
685,Barry Redden,NHoF,1989,1990,1,CLE,NFL,21,1,41,179,4.37,1,8.5
686,Jerome Felton,NHoF,2008,2016,8,TOT,NFL,132,50,55,178,3.24,0,1.3
687,Miles Sanders,NHoF,2019,2019,0,PHI,NFL,4,3,45,178,3.96,0,44.5
688,Anthony Lynn,NHoF,1993,1999,6,TOT,NFL,83,1,28,177,6.32,0,2.1
689,Kyle Eckel,NHoF,2007,2009,2,TOT,NFL,24,2,59,175,2.97,2,7.3
690,Alfonso Smith,NHoF,2010,2014,4,TOT,NFL,49,0,55,175,3.18,2,3.6
691,James Jones,NHoF,1989,1992,3,SEA,NFL,50,7,50,174,3.48,3,3.5
692,Jerris McPhail,NHoF,1996,1998,2,TOT,NFL,26,2,23,174,7.57,1,6.7
693,Edwin Baker,NHoF,2012,2014,2,TOT,NFL,6,2,44,173,3.93,2,28.8
694,Alan Ricard,NHoF,2001,2005,4,RAV,NFL,55,32,43,173,4.02,2,3.1
695,Rabih Abdullah,NHoF,1999,2004,5,TOT,NFL,83,1,63,172,2.73,1,2.1
696,Armando Allen,NHoF,2011,2012,1,CHI,NFL,17,0,42,172,4.1,1,10.1
697,Ben Gay,NHoF,2001,2001,0,CLE,NFL,16,0,51,172,3.37,1,10.8
698,Patrick Cobbs,NHoF,2006,2010,4,MIA,NFL,54,3,37,171,4.62,2,3.2
699,Nick Luchey,NHoF,1999,2005,6,TOT,NFL,75,17,44,170,3.86,2,2.3
700,Derrick Clark,NHoF,1994,1994,0,DEN,NFL,16,4,56,168,3,3,10.5
701,Kregg Lumpkin,NHoF,2008,2012,4,TOT,NFL,34,0,42,166,3.95,0,4.9
702,Tion Green,NHoF,2017,2017,0,DET,NFL,5,0,42,165,3.93,2,33
703,Stump Mitchell,NHoF,1989,1989,0,CRD,NFL,3,3,43,165,3.84,0,55
704,Elijhaa Penny,NHoF,2017,2019,2,TOT,NFL,34,4,43,164,3.81,2,4.8
705,Ryan Williams,NHoF,2012,2014,2,TOT,NFL,5,3,58,164,2.83,0,32.8
706,Lex Hilliard,NHoF,2009,2012,3,TOT,NFL,62,13,48,163,3.4,2,2.6
707,Aaron Ripkowski,NHoF,2015,2017,2,GNB,NFL,47,10,39,163,4.18,2,3.5
708,Scott Lockwood,NHoF,1992,1993,1,NWE,NFL,6,0,35,162,4.63,0,27
709,Ciatrick Fason,NHoF,2005,2006,1,MIN,NFL,18,0,50,161,3.22,5,8.9
710,Keith Jones,NHoF,1989,1989,0,CLE,NFL,16,2,43,160,3.72,1,10
711,Chris Taylor,NHoF,2006,2008,2,HTX,NFL,7,0,42,160,3.81,1,22.9
712,Mike Sellers,NHoF,1998,2011,13,TOT,NFL,174,62,50,158,3.16,3,0.9
713,Scott Greene,NHoF,1996,1999,3,TOT,NFL,34,14,45,157,3.49,1,4.6
714,Robert Thomas,NHoF,1998,2002,4,DAL,NFL,68,36,39,157,4.03,0,2.3
715,Derrick Cullors,NHoF,1997,1998,1,NWE,NFL,31,1,40,149,3.73,0,4.8
716,Gary Downs,NHoF,1994,2000,6,TOT,NFL,70,2,45,149,3.31,0,2.1
717,Tony Hollings,NHoF,2003,2005,2,HTX,NFL,23,1,49,149,3.04,0,6.5
718,Jeremi Johnson,NHoF,2003,2009,6,CIN,NFL,96,58,52,149,2.87,2,1.6
719,Tony Pollard,NHoF,2019,2019,0,DAL,NFL,4,0,30,149,4.97,1,37.3
720,Phillip Tanner,NHoF,2011,2014,3,TOT,NFL,41,0,56,149,2.66,2,3.6
721,Jessie Clark,NHoF,1989,1990,1,TOT,NFL,19,3,36,148,4.11,0,7.8
722,Jim Kleinsasser,NHoF,1999,2011,12,MIN,NFL,181,130,43,147,3.42,1,0.8
723,Chad Simpson,NHoF,2008,2010,2,TOT,NFL,28,0,30,147,4.9,3,5.3
724,Spencer Tillman,NHoF,1989,1994,5,TOT,NFL,94,0,25,147,5.88,0,1.6
725,Jeff Alexander,NHoF,1989,1992,3,DEN,NFL,21,6,45,146,3.24,2,7
726,David Cobb,NHoF,2015,2015,0,OTI,NFL,7,1,52,146,2.81,1,20.9
727,Herman Fontenot,NHoF,1989,1990,1,GNB,NFL,30,0,34,145,4.26,1,4.8
728,Anthony McDowell,NHoF,1992,1994,2,TAM,NFL,30,22,37,145,3.92,0,4.8
729,Earnest Hunter,NHoF,1995,1996,1,TOT,NFL,21,0,45,144,3.2,0,6.9
730,Dan Kreider,NHoF,2000,2009,9,TOT,NFL,138,73,32,144,4.5,2,1
731,Stefan Logan,NHoF,2009,2012,3,TOT,NFL,64,2,27,144,5.33,0,2.3
732,James Stewart,NHoF,1995,1995,0,MIN,NFL,4,0,31,144,4.65,0,36
733,George Adams,NHoF,1989,1991,2,TOT,NFL,32,8,39,143,3.67,0,4.5
734,Damien Anderson,NHoF,2002,2005,3,CRD,NFL,35,1,45,142,3.16,0,4.1
735,Mike Green,NHoF,2000,2002,2,OTI,NFL,32,3,36,142,3.94,1,4.4
736,Leonard Henry,NHoF,2004,2004,0,MIA,NFL,6,2,46,141,3.07,0,23.5
737,Sylvester Stamps,NHoF,1989,1989,0,TAM,NFL,10,1,29,141,4.86,1,14.1
738,Tyrell Sutton,NHoF,2009,2010,1,CAR,NFL,16,1,25,139,5.56,0,8.7
739,Alexander Mattison,NHoF,2019,2019,0,MIN,NFL,4,0,27,137,5.07,1,34.3
740,Fitzgerald Toussaint,NHoF,2014,2017,3,TOT,NFL,31,0,44,137,3.11,0,4.4
741,P.J. Pope,NHoF,2006,2008,2,TOT,NFL,6,1,17,130,7.65,0,21.7
742,James Rouse,NHoF,1990,1991,1,CHI,NFL,30,4,43,130,3.02,0,4.3
743,Jon Witman,NHoF,1996,2001,5,PIT,NFL,85,43,37,129,3.49,0,1.5
744,Keith Toston,NHoF,2010,2012,2,TOT,NFL,21,1,36,128,3.56,0,6.1
745,Tim Hall,NHoF,1996,1997,1,RAI,NFL,18,0,26,127,4.88,0,7.1
746,Marcus Mason,NHoF,2009,2009,0,WAS,NFL,10,0,32,127,3.97,0,12.7
747,Devin Singletary,NHoF,2019,2019,0,BUF,NFL,2,1,10,127,12.7,1,63.5
748,Sean Bennett,NHoF,1999,2002,3,NYG,NFL,16,2,29,126,4.34,1,7.9
749,Tim Lester,NHoF,1992,1999,7,TOT,NFL,93,53,33,126,3.82,2,1.4
750,Brian Milne,NHoF,1996,2000,4,TOT,NFL,63,38,36,126,3.5,4,2
751,Lynell Hamilton,NHoF,2008,2009,1,NOR,NFL,10,1,35,125,3.57,2,12.5
752,Basil Mitchell,NHoF,1999,2000,1,GNB,NFL,17,2,31,125,4.03,0,7.4
753,David Palmer,NHoF,1994,2000,6,MIN,NFL,84,4,34,125,3.68,1,1.5
754,Jeremy Stewart,NHoF,2012,2014,2,TOT,NFL,23,0,33,125,3.79,1,5.4
755,Keith Elias,NHoF,1994,1999,5,TOT,NFL,53,0,42,124,2.95,0,2.3
756,Chris Howard,NHoF,1998,2000,2,JAX,NFL,22,1,41,123,3,1,5.6
757,Chris Henry,NHoF,2007,2010,3,TOT,NFL,11,0,32,122,3.81,2,11.1
758,Mazio Royster,NHoF,1992,1994,2,TAM,NFL,33,1,42,122,2.9,1,3.7
759,Derrick Gainer,NHoF,1990,1993,3,TOT,NFL,34,1,41,120,2.93,1,3.5
760,Ovie Mughelli,NHoF,2003,2011,8,TOT,NFL,107,51,42,120,2.86,1,1.1
761,Don Smith,NHoF,1989,1990,1,TOT,NFL,27,2,27,119,4.41,2,4.4
762,Darrel Williams,NHoF,2018,2019,1,KAN,NFL,10,0,30,119,3.97,2,11.9
763,Carey Davis,NHoF,2004,2009,5,TOT,NFL,39,10,31,118,3.81,0,3
764,A.B. Brown,NHoF,1989,1992,3,NYJ,NFL,33,1,40,117,2.93,1,3.5
765,B.J. Askew,NHoF,2003,2009,6,TOT,NFL,83,21,35,116,3.31,2,1.4
766,Adam Walker,NHoF,1992,1996,4,TOT,NFL,45,7,32,115,3.59,2,2.6
767,Rob Konrad,NHoF,1999,2004,5,MIA,NFL,82,57,38,114,3,1,1.4
768,Trenton Cannon,NHoF,2018,2019,1,NYJ,NFL,19,0,38,113,2.97,1,5.9
769,John Harvey,NHoF,1990,1990,0,TAM,NFL,16,1,27,113,4.19,0,7.1
770,Paul Frazier,NHoF,1989,1989,0,NOR,NFL,15,0,25,112,4.48,1,7.5
771,Javarris James,NHoF,2010,2012,2,TOT,NFL,10,0,46,112,2.43,6,11.2
772,Calvin Jones,NHoF,1994,1996,2,TOT,NFL,16,0,27,112,4.15,0,7
773,Mack Brown,NHoF,2016,2017,1,TOT,NFL,13,0,16,111,6.94,1,8.5
774,Eldra Buckley,NHoF,2009,2011,2,TOT,NFL,34,0,36,111,3.08,1,3.3
775,Adimchinobe Echemandu,NHoF,2004,2007,3,TOT,NFL,19,0,28,110,3.93,0,5.8
776,Freddie Bradley,NHoF,1996,1996,0,SDG,NFL,10,1,32,109,3.41,0,10.9
777,Larry Bowie,NHoF,1996,1999,3,WAS,NFL,25,16,32,108,3.38,2,4.3
778,John Conner,NHoF,2010,2014,4,TOT,NFL,62,20,27,108,4,2,1.7
779,Derrick Ned,NHoF,1993,1995,2,NOR,NFL,42,2,23,108,4.7,1,2.6
780,Johnathan Franklin,NHoF,2013,2013,0,GNB,NFL,11,0,19,107,5.63,1,9.7
781,Michael Hicks,NHoF,1996,1997,1,CHI,NFL,7,0,31,106,3.42,0,15.1
782,Byron Marshall,NHoF,2016,2018,2,TOT,NFL,13,0,31,105,3.39,0,8.1
783,Jarrett Payton,NHoF,2005,2005,0,OTI,NFL,13,0,33,105,3.18,2,8.1
784,Daimon Shelton,NHoF,1997,2006,9,TOT,NFL,133,76,40,104,2.6,1,0.8
785,Cecil Martin,NHoF,1999,2003,4,TOT,NFL,61,38,26,103,3.96,0,1.7
786,Chris Rainey,NHoF,2012,2013,1,TOT,NFL,18,0,26,102,3.92,2,5.7
787,Ivy Joe Hunter,NHoF,1989,1991,2,TOT,NFL,45,13,31,100,3.23,0,2.2
788,Isaiah Pead,NHoF,2012,2016,4,TOT,NFL,30,1,27,100,3.7,0,3.3
789,Cedric Smith,NHoF,1990,1997,7,TOT,NFL,72,14,40,100,2.5,2,1.4
790,Cyrus Gray,NHoF,2012,2014,2,KAN,NFL,35,0,24,99,4.13,1,2.8
791,Mike Karney,NHoF,2004,2010,6,TOT,NFL,101,59,47,99,2.11,5,1
792,Damien Nash,NHoF,2005,2006,1,TOT,NFL,6,0,24,98,4.08,0,16.3
793,Gary Russell,NHoF,2007,2009,2,TOT,NFL,27,4,38,98,2.58,3,3.6
794,Dantrell Savage,NHoF,2008,2009,1,KAN,NFL,13,0,25,98,3.92,0,7.5
795,Da'Rel Scott,NHoF,2011,2013,2,NYG,NFL,20,1,31,98,3.16,0,4.9
796,Lawrence Vickers,NHoF,2006,2012,6,TOT,NFL,106,43,37,98,2.65,0,0.9
797,Mike Oliphant,NHoF,1989,1991,2,CLE,NFL,18,0,15,97,6.47,1,5.4
798,Joe Banyard,NHoF,2012,2017,5,TOT,NFL,27,0,23,95,4.13,0,3.5
799,Dimitri Nance,NHoF,2010,2010,0,GNB,NFL,12,0,36,95,2.64,0,7.9
800,Zach Line,NHoF,2013,2019,6,TOT,NFL,67,21,30,94,3.13,2,1.4
801,Mosi Tatupu,NHoF,1989,1991,2,TOT,NFL,34,0,27,94,3.48,0,2.8
802,Jonathan Williams,NHoF,2016,2018,2,TOT,NFL,14,0,30,94,3.13,1,6.7
803,Dwayne Wright,NHoF,2007,2007,0,BUF,NFL,15,0,29,94,3.24,0,6.3
804,Vonta Leach,NHoF,2004,2013,9,TOT,NFL,146,79,35,93,2.66,3,0.6
805,Kyle Juszczyk,NHoF,2013,2019,6,TOT,NFL,97,59,23,92,4,1,0.9
806,Richard Murphy,NHoF,2012,2012,0,JAX,NFL,5,0,23,92,4,0,18.4
807,Mike Dingle,NHoF,1991,1991,0,CIN,NFL,8,0,21,91,4.33,0,11.4
808,Chris Hetherington,NHoF,1996,2006,10,TOT,NFL,126,22,33,91,2.76,2,0.7
809,Ronald Humphrey,NHoF,1994,1995,1,CLT,NFL,26,0,20,91,4.55,0,3.5
810,Curtis Keaton,NHoF,2000,2002,2,TOT,NFL,25,0,23,91,3.96,0,3.6
811,Brent Moss,NHoF,1995,1995,0,RAM,NFL,4,0,22,90,4.09,0,22.5
812,Kenyon Rasheed,NHoF,1993,1995,2,TOT,NFL,24,10,27,89,3.3,1,3.7
813,Josh Scobey,NHoF,2003,2007,4,TOT,NFL,62,0,27,89,3.3,0,1.4
814,Damon Washington,NHoF,2000,2002,2,NYG,NFL,25,0,28,89,3.18,0,3.6
815,Joel Makovicka,NHoF,1999,2002,3,CRD,NFL,58,35,17,88,5.18,0,1.5
816,Yonel Jourdain,NHoF,1994,1995,1,BUF,NFL,17,0,25,87,3.48,0,5.1
817,Broderick Sargent,NHoF,1989,1989,0,DAL,NFL,14,5,20,87,4.35,1,6.2
818,Storm Johnson,NHoF,2014,2014,0,JAX,NFL,6,1,29,86,2.97,2,14.3
819,R.J. Bowers,NHoF,2001,2003,2,TOT,NFL,8,0,18,84,4.67,1,10.5
820,Jason McKie,NHoF,2002,2009,7,TOT,NFL,88,46,29,84,2.9,3,1
821,Albert Young,NHoF,2009,2010,1,MIN,NFL,10,0,25,82,3.28,0,8.2
822,Marlon Barnes,NHoF,2000,2000,0,CHI,NFL,13,0,15,81,5.4,0,6.2
823,Blake Ezor,NHoF,1990,1990,0,DEN,NFL,9,0,23,81,3.52,0,9
824,Ricky Blake,NHoF,1991,1991,0,DAL,NFL,2,0,15,80,5.33,1,40
825,Ahmard Hall,NHoF,2006,2011,5,OTI,NFL,85,40,24,80,3.33,0,0.9
826,James Fenderson,NHoF,2001,2003,2,NOR,NFL,29,1,17,79,4.65,1,2.7
827,Keith Ford,NHoF,2018,2018,0,BUF,NFL,2,1,21,79,3.76,0,39.5
828,Gartrell Johnson,NHoF,2009,2010,1,TOT,NFL,19,0,23,79,3.43,0,4.2
829,Lee Rouson,NHoF,1989,1991,2,TOT,NFL,48,3,17,79,4.65,0,1.6
830,Ostell Miles,NHoF,1992,1993,1,CIN,NFL,26,2,30,78,2.6,1,3
831,Darrin Reaves,NHoF,2014,2014,0,CAR,NFL,6,1,31,78,2.52,0,13
832,Jeremiah Johnson,NHoF,2011,2012,1,DEN,NFL,8,0,14,77,5.5,0,9.6
833,Michael Cox,NHoF,2013,2014,1,NYG,NFL,18,1,26,76,2.92,0,4.2
834,Larry Croom,NHoF,2004,2004,0,CRD,NFL,6,1,29,76,2.62,0,12.7
835,Mike Boone,NHoF,2018,2019,1,MIN,NFL,12,0,14,75,5.36,0,6.3
836,James Davis,NHoF,2009,2010,1,TOT,NFL,9,0,28,75,2.68,0,8.3
837,Victor Jones,NHoF,1990,1994,4,TOT,NFL,67,1,14,75,5.36,0,1.1
838,Harold Morrow,NHoF,1996,2005,9,TOT,NFL,142,2,17,75,4.41,0,0.5
839,Silas Redd,NHoF,2014,2014,0,WAS,NFL,15,0,16,75,4.69,1,5
840,Jamie Harper,NHoF,2011,2012,1,OTI,NFL,23,0,36,74,2.06,4,3.2
841,John Kelly,NHoF,2018,2018,0,RAM,NFL,4,0,27,74,2.74,0,18.5
842,Bruce Perry,NHoF,2005,2006,1,PHI,NFL,5,1,16,74,4.63,0,14.8
843,George Winn,NHoF,2014,2015,1,DET,NFL,19,0,23,74,3.22,0,3.9
844,Rondell Mealey,NHoF,2001,2002,1,GNB,NFL,14,1,22,73,3.32,1,5.2
845,Mark Walton,NHoF,2018,2019,1,TOT,NFL,17,0,24,73,3.04,0,4.3
846,Tommy Bohanon,NHoF,2013,2018,5,TOT,NFL,68,30,26,72,2.77,2,1.1
847,Cory Ross,NHoF,2006,2007,1,RAV,NFL,10,0,12,72,6,1,7.2
848,Johnny White,NHoF,2011,2012,1,TOT,NFL,19,0,20,72,3.6,0,3.8
849,Jorvorskie Lane,NHoF,2012,2015,3,TOT,NFL,41,15,17,71,4.18,2,1.7
850,Anthony Allen,NHoF,2011,2012,1,RAV,NFL,21,0,19,69,3.63,1,3.3
851,Brandon Saine,NHoF,2011,2012,1,GNB,NFL,14,0,18,69,3.83,0,4.9
852,Thomas Tapeh,NHoF,2004,2008,4,TOT,NFL,41,17,22,69,3.14,0,1.7
853,Jed Collins,NHoF,2011,2014,3,TOT,NFL,63,28,27,68,2.52,3,1.1
854,Larry Fitzgerald,NHoF,2004,2019,15,CRD,NFL,238,236,20,68,3.4,0,0.3
855,Moran Norris,NHoF,2001,2011,10,TOT,NFL,140,58,28,67,2.39,1,0.5
856,Don Overton,NHoF,1990,1992,2,TOT,NFL,22,0,19,67,3.53,0,3
857,Rod Smart,NHoF,2001,2005,4,TOT,NFL,53,0,29,67,2.31,0,1.3
858,Greg Comella,NHoF,1998,2004,6,TOT,NFL,88,35,17,66,3.88,0,0.8
859,Tim Tindale,NHoF,1995,1997,2,BUF,NFL,37,3,19,65,3.42,0,1.8
860,Clifton Dawson,NHoF,2007,2008,1,TOT,NFL,15,0,30,64,2.13,1,4.3
861,Carl Painter,NHoF,1989,1989,0,DET,NFL,15,0,15,64,4.27,0,4.3
862,Troymaine Pope,NHoF,2016,2019,3,TOT,NFL,7,0,22,64,2.91,0,9.1
863,Frank Summers,NHoF,2009,2014,5,TOT,NFL,27,16,18,63,3.5,2,2.3
864,Ty Hallock,NHoF,1993,2000,7,TOT,NFL,86,35,17,62,3.65,1,0.7
865,Spencer Larsen,NHoF,2008,2013,5,TOT,NFL,63,16,17,62,3.65,0,1
866,Bruce Miller,NHoF,2011,2015,4,SFO,NFL,77,47,28,62,2.21,1,0.8
867,Cedric Cobbs,NHoF,2004,2006,2,TOT,NFL,5,0,25,59,2.36,0,11.8
868,Tim Castille,NHoF,2008,2010,2,TOT,NFL,31,4,19,58,3.05,0,1.9
869,Rafael Cooper,NHoF,2002,2002,0,DET,NFL,5,0,12,57,4.75,0,11.4
870,Kerry Porter,NHoF,1989,1990,1,TOT,NFL,29,3,14,57,4.07,0,2
871,Erik Bickerstaff,NHoF,2003,2003,0,DAL,NFL,4,0,19,56,2.95,1,14
872,Ron Davenport,NHoF,1989,1989,0,MIA,NFL,9,3,14,56,4,1,6.2
873,Andrew Pinnock,NHoF,2003,2007,4,SDG,NFL,42,3,18,56,3.11,0,1.3
874,Anthony Sherman,NHoF,2011,2019,8,TOT,NFL,128,34,21,56,2.67,1,0.4
875,Cedric Jackson,NHoF,1991,1991,0,DET,NFL,8,1,17,55,3.24,0,6.9
876,Mossis Madu,NHoF,2011,2011,0,TAM,NFL,9,0,15,55,3.67,0,6.1
877,Shyrone Stith,NHoF,2000,2002,2,TOT,NFL,15,0,20,55,2.75,1,3.7
878,Corey Walker,NHoF,1998,1998,0,PHI,NFL,14,0,12,55,4.58,0,3.9
879,Brian Calhoun,NHoF,2006,2007,1,DET,NFL,11,0,14,54,3.86,0,4.9
880,Ty Johnson,NHoF,2019,2019,0,DET,NFL,4,0,13,54,4.15,0,13.5
881,Eric McCoo,NHoF,2004,2004,0,PHI,NFL,1,0,9,54,6,0,54
882,Dino Philyaw,NHoF,1995,1999,4,TOT,NFL,23,0,16,54,3.38,1,2.3
883,Joey Harris,NHoF,2004,2004,0,CAR,NFL,4,0,15,53,3.53,0,13.3
884,Jarryd Hayne,NHoF,2015,2015,0,SFO,NFL,8,1,17,52,3.06,0,6.5
885,Ricky Whittle,NHoF,1996,1996,0,NOR,NFL,10,0,20,52,2.6,0,5.2
886,Lennox Gordon,NHoF,1999,2000,1,TOT,NFL,17,0,15,51,3.4,0,3
887,Joey Iosefa,NHoF,2015,2015,0,NWE,NFL,2,0,15,51,3.4,0,25.5
888,Ricky Powers,NHoF,1995,1995,0,CLE,NFL,3,0,14,51,3.64,0,17
889,Matt Suhey,NHoF,1989,1989,0,CHI,NFL,16,0,20,51,2.55,1,3.2
890,Andy Janovich,NHoF,2016,2019,3,DEN,NFL,44,17,12,50,4.17,2,1.1
891,Bobby Morse,NHoF,1989,1991,2,NOR,NFL,27,0,5,50,10,0,1.9
892,Ron Wolfley,NHoF,1989,1995,6,TOT,NFL,85,8,19,50,2.63,1,0.6
893,Ryquell Armstead,NHoF,2019,2019,0,JAX,NFL,4,0,9,49,5.44,0,12.3
894,Baron Batch,NHoF,2012,2012,0,PIT,NFL,12,0,25,49,1.96,1,4.1
895,Detrez Newsome,NHoF,2018,2018,0,SDG,NFL,9,0,11,49,4.45,0,5.4
896,Trey Edmunds,NHoF,2017,2018,1,TOT,NFL,20,0,9,48,5.33,1,2.4
897,Kevin McDougal,NHoF,2000,2001,1,CLT,NFL,15,0,17,48,2.82,0,3.2
898,Lorenzo Hampton,NHoF,1989,1989,0,MIA,NFL,10,0,17,47,2.76,0,4.7
899,Bill Jones,NHoF,1990,1992,2,KAN,NFL,38,25,10,47,4.7,0,1.2
900,Bruce Perkins,NHoF,1990,1991,1,TOT,NFL,30,4,17,47,2.76,0,1.6
901,Clifton Smith,NHoF,2008,2010,2,TOT,NFL,24,0,12,47,3.92,0,2
902,Reggie Brown,NHoF,1996,2000,4,SEA,NFL,61,10,18,46,2.56,0,0.8
903,Derrick Coleman,NHoF,2012,2018,6,TOT,NFL,63,18,14,46,3.29,0,0.7
904,Jameel Cook,NHoF,2001,2008,7,TOT,NFL,109,24,14,43,3.07,0,0.4
905,D.J. Foster,NHoF,2016,2019,3,TOT,NFL,14,0,13,43,3.31,0,3.1
906,Derrick Harris,NHoF,1996,2001,5,TOT,NFL,44,20,17,43,2.53,0,1
907,Jay Prosch,NHoF,2014,2017,3,HTX,NFL,63,13,10,42,4.2,0,0.7
908,Derek Watt,NHoF,2016,2019,3,SDG,NFL,52,11,15,42,2.8,0,0.8
909,Brandon Wilds,NHoF,2016,2018,2,TOT,NFL,7,0,16,42,2.63,0,6
910,Walter Williams,NHoF,2004,2005,1,GNB,NFL,3,0,6,42,7,0,14
911,John Clay,NHoF,2011,2011,0,PIT,NFL,2,0,10,41,4.1,1,20.5
912,Marion Grice,NHoF,2014,2014,0,CRD,NFL,10,0,15,41,2.73,1,4.1
913,Delvin Joyce,NHoF,2002,2003,1,NYG,NFL,28,0,13,41,3.15,0,1.5
914,Darryl Clack,NHoF,1989,1989,0,DAL,NFL,8,1,14,40,2.86,2,5
915,Troy Fleming,NHoF,2004,2005,1,OTI,NFL,29,2,7,40,5.71,0,1.4
916,Justice Hill,NHoF,2019,2019,0,RAV,NFL,4,0,11,40,3.64,0,10
917,Eddie Fuller,NHoF,1991,1993,2,BUF,NFL,20,0,6,39,6.5,0,2
918,Kyle Johnson,NHoF,2004,2007,3,DEN,NFL,45,24,9,39,4.33,1,0.9
919,Corey McIntyre,NHoF,2005,2012,7,TOT,NFL,107,18,9,39,4.33,1,0.4
920,Josh Robinson,NHoF,2015,2015,0,CLT,NFL,5,0,17,39,2.29,0,7.8
921,Kendall Gaskins,NHoF,2014,2015,1,SFO,NFL,9,0,16,38,2.38,0,4.2
922,Zurlon Tipton,NHoF,2014,2015,1,CLT,NFL,16,0,15,38,2.53,0,2.4
923,David Fluellen,NHoF,2017,2019,2,OTI,NFL,25,0,8,37,4.63,0,1.5
924,Ernie Thompson,NHoF,1991,1993,2,TOT,NFL,20,2,13,37,2.85,0,1.9
925,Louis Rankin,NHoF,2009,2009,0,2TM,NFL,9,0,8,36,4.5,0,4
926,Jon Ritchie,NHoF,1998,2004,6,TOT,NFL,94,55,15,36,2.4,0,0.4
927,Terrell Watson,NHoF,2016,2017,1,TOT,NFL,11,0,14,36,2.57,1,3.3
928,David Williams,NHoF,2018,2018,0,JAX,NFL,6,0,8,36,4.5,0,6
929,Harold Shaw,NHoF,1998,2000,2,NWE,NFL,35,0,18,35,1.94,0,1
930,Jamal Willis,NHoF,1995,1995,0,SFO,NFL,11,1,12,35,2.92,0,3.2
931,George Atkinson,NHoF,2014,2016,2,TOT,NFL,21,0,7,34,4.86,1,1.6
932,Michael Bates,NHoF,1993,2003,10,TOT,NFL,145,1,12,33,2.75,0,0.2
933,Chris Floyd,NHoF,1998,2000,2,TOT,NFL,42,2,14,33,2.36,0,0.8
934,Jon Hilliman,NHoF,2019,2019,0,NYG,NFL,1,0,10,33,3.3,0,33
935,Henry Hynoski,NHoF,2011,2014,3,NYG,NFL,46,21,12,33,2.75,0,0.7
936,Darius Reynaud,NHoF,2008,2013,5,TOT,NFL,48,0,17,33,1.94,0,0.7
937,De'Angelo Henderson,NHoF,2017,2018,1,TOT,NFL,8,0,9,32,3.56,0,4
938,Don Jackson,NHoF,2016,2016,0,GNB,NFL,3,1,10,32,3.2,0,10.7
939,Daniel Lasco,NHoF,2016,2017,1,NOR,NFL,10,0,11,32,2.91,0,3.2
940,George Layne,NHoF,2001,2004,3,TOT,NFL,11,0,3,32,10.67,0,2.9
941,Greg Paterra,NHoF,1989,1989,0,ATL,NFL,10,0,9,32,3.56,0,3.2
942,Josh Vaughan,NHoF,2010,2013,3,TOT,NFL,16,0,11,32,2.91,1,2
943,Tony Baker,NHoF,1989,1989,0,CRD,NFL,10,2,20,31,1.55,0,3.1
944,Dontrell Hilliard,NHoF,2018,2019,1,CLE,NFL,14,0,7,31,4.43,2,2.2
945,James Hodgins,NHoF,1999,2006,7,TOT,NFL,78,29,15,31,2.07,1,0.4
946,Austin Johnson,NHoF,2014,2016,2,TOT,NFL,18,2,12,31,2.58,1,1.7
947,Fred McCrary,NHoF,1995,2007,12,TOT,NFL,128,63,25,31,1.24,1,0.2
948,Jim Finn,NHoF,2000,2006,6,TOT,NFL,106,45,11,30,2.73,0,0.3
949,Senorise Perry,NHoF,2014,2018,4,TOT,NFL,48,0,8,30,3.75,0,0.6
950,Benny Snell,NHoF,2019,2019,0,PIT,NFL,4,0,6,30,5,0,7.5
951,Roc Thomas,NHoF,2018,2018,0,MIN,NFL,5,0,8,30,3.75,0,6
952,David Thompson,NHoF,1997,1998,1,RAM,NFL,12,0,16,30,1.88,1,2.5
953,Trey Watts,NHoF,2014,2015,1,RAM,NFL,15,0,7,30,4.29,0,2
954,Jamaal Branch,NHoF,2006,2007,1,NOR,NFL,5,0,10,29,2.9,0,5.8
955,Thomas Clayton,NHoF,2010,2011,1,TOT,NFL,6,0,15,29,1.93,0,4.8
956,Rudy Harris,NHoF,1993,1994,1,TAM,NFL,18,2,9,29,3.22,0,1.6
957,Stanley Havili,NHoF,2012,2014,2,TOT,NFL,28,10,13,29,2.23,1,1
958,James Johnson,NHoF,2008,2008,0,CIN,NFL,4,0,9,29,3.22,0,7.3
959,Shaun Wilson,NHoF,2018,2018,0,TAM,NFL,5,0,6,29,4.83,0,5.8
960,Bobby Joe Edmonds,NHoF,1989,1995,6,TOT,NFL,23,0,5,28,5.6,0,1.2
961,Owen Schmitt,NHoF,2008,2012,4,TOT,NFL,74,16,11,28,2.55,0,0.4
962,Avon Cobourne,NHoF,2003,2003,0,DET,NFL,7,0,10,27,2.7,0,3.9
963,Xavier Omon,NHoF,2008,2009,1,BUF,NFL,7,0,11,27,2.45,0,3.9
964,John Simon,NHoF,2002,2003,1,TOT,NFL,16,0,12,27,2.25,1,1.7
965,Kevin Bouie,NHoF,1996,1997,1,TOT,NFL,6,0,11,26,2.36,0,4.3
966,Tom Brown,NHoF,1989,1989,0,MIA,NFL,9,7,13,26,2,0,2.9
967,James Develin,NHoF,2012,2019,7,NWE,NFL,83,31,15,26,1.73,5,0.3
968,Tony Fiammetta,NHoF,2009,2014,5,TOT,NFL,51,24,11,26,2.36,0,0.5
969,Bobby Phillips,NHoF,1995,1995,0,MIN,NFL,8,0,14,26,1.86,0,3.3
970,Ian Smart,NHoF,2004,2004,0,TAM,NFL,4,0,2,26,13,0,6.5
971,Josh Ferguson,NHoF,2016,2017,1,CLT,NFL,26,0,16,25,1.56,0,1
972,Tony Hunt,NHoF,2007,2008,1,PHI,NFL,14,2,14,25,1.79,2,1.8
973,Marcus Thigpen,NHoF,2012,2015,3,TOT,NFL,50,0,8,25,3.13,0,0.5
974,Mike Archie,NHoF,1996,1998,2,OTI,NFL,23,0,6,24,4,1,1
975,Kelvin Bryant,NHoF,1990,1990,0,WAS,NFL,15,0,6,24,4,0,1.6
976,Kenny Flowers,NHoF,1989,1989,0,ATL,NFL,8,1,13,24,1.85,1,3
977,Kenny Gamble,NHoF,1989,1990,1,KAN,NFL,3,0,6,24,4,1,8
978,Kevin Harmon,NHoF,1989,1989,0,SEA,NFL,4,0,1,24,24,0,6
979,Marcus Wilson,NHoF,1991,1995,4,TOT,NFL,49,0,12,24,2,0,0.5
980,Jeff Dugan,NHoF,2004,2010,6,MIN,NFL,79,22,11,23,2.09,0,0.3
981,Elroy Harris,NHoF,1989,1989,0,SEA,NFL,14,0,8,23,2.88,0,1.6
982,Michael Hill,NHoF,2013,2014,1,TOT,NFL,8,0,9,23,2.56,0,2.9
983,Eric Shelton,NHoF,2006,2006,0,CAR,NFL,9,0,8,23,2.88,0,2.6
984,Ran Carthon,NHoF,2005,2006,1,CLT,NFL,9,0,16,22,1.38,2,2.4
985,Ed Tillison,NHoF,1992,1992,0,DET,NFL,6,0,4,22,5.5,0,3.7
986,John Crockett,NHoF,2015,2015,0,GNB,NFL,2,0,9,21,2.33,0,10.5
987,Woodrow Dantzler,NHoF,2002,2003,1,TOT,NFL,14,0,8,21,2.63,1,1.5
988,C.J. Ham,NHoF,2017,2019,2,MIN,NFL,35,6,13,21,1.62,1,0.6
989,D'Ernest Johnson,NHoF,2019,2019,0,CLE,NFL,4,0,4,21,5.25,0,5.3
990,Ed McCaffrey,NHoF,1991,2003,12,TOT,NFL,185,109,3,21,7,0,0.1
991,Naufahu Tahi,NHoF,2007,2010,3,MIN,NFL,56,14,10,21,2.1,0,0.4
992,Alex Armah,NHoF,2017,2019,2,CAR,NFL,29,2,11,20,1.82,3,0.7
993,Justin Davis,NHoF,2017,2018,1,RAM,NFL,15,0,3,20,6.67,0,1.3
994,Patrick Egu,NHoF,1989,1989,0,NWE,NFL,7,0,3,20,6.67,1,2.9
995,Jalston Fowler,NHoF,2015,2017,2,OTI,NFL,42,8,10,20,2,2,0.5
996,John Holifield,NHoF,1989,1989,0,CIN,NFL,3,0,11,20,1.82,0,6.7
997,James Bostic,NHoF,1998,1999,1,PHI,NFL,11,0,5,19,3.8,0,1.7
998,Ronnie Cruz,NHoF,2005,2006,1,KAN,NFL,19,3,5,19,3.8,0,1
999,Alonzo Harris,NHoF,2015,2015,0,GNB,NFL,6,0,4,19,4.75,0,3.2
1000,Collin Mooney,NHoF,2012,2013,1,OTI,NFL,14,4,5,19,3.8,0,1.4
1001,B.J. Sams,NHoF,2004,2008,4,TOT,NFL,46,1,4,19,4.75,1,0.4
1002,Richard Bell,NHoF,1990,1990,0,PIT,NFL,16,1,5,18,3.6,0,1.1
1003,Nate Eachus,NHoF,2012,2012,0,KAN,NFL,11,2,5,18,3.6,0,1.6
1004,Derrius Guice,NHoF,2019,2019,0,WAS,NFL,1,1,10,18,1.8,0,18
1005,Brandon Manumaleuna,NHoF,2001,2010,9,TOT,NFL,158,103,6,18,3,0,0.1
1006,James Casey,NHoF,2009,2015,6,TOT,NFL,95,23,2,17,8.5,0,0.2
1007,Chris Gronkowski,NHoF,2010,2012,2,TOT,NFL,35,7,5,17,3.4,0,0.5
1008,Terrence Magee,NHoF,2015,2017,2,TOT,NFL,7,0,5,17,3.4,0,2.4
1009,Terry Richardson,NHoF,1996,1996,0,PIT,NFL,1,0,5,17,3.4,0,17
1010,Detron Smith,NHoF,1996,2003,7,TOT,NFL,113,4,5,17,3.4,0,0.2
1011,Ed Toner,NHoF,1992,1994,2,CLT,NFL,33,1,3,17,5.67,0,0.5
1012,Eddie Watson,NHoF,1999,1999,0,PHI,NFL,6,0,4,17,4.25,0,2.8
1013,Rodney Carter,NHoF,1989,1989,0,PIT,NFL,15,0,11,16,1.45,1,1.1
1014,Ryan Christopherson,NHoF,1995,1996,1,TOT,NFL,19,0,16,16,1,1,0.8
1015,Josh Harris,NHoF,2014,2014,0,PIT,NFL,5,0,9,16,1.78,0,3.2
1016,Robert Hughes,NHoF,2012,2014,2,TOT,NFL,23,5,8,16,2,0,0.7
1017,Darius Jackson,NHoF,2018,2018,0,2TM,NFL,4,0,6,16,2.67,0,4
1018,Taquan Mizzell,NHoF,2017,2018,1,CHI,NFL,12,1,9,16,1.78,0,1.3
1019,Jarrod Baxter,NHoF,2002,2005,3,TOT,NFL,32,13,9,15,1.67,0,0.5
1020,Charles Clay,NHoF,2011,2019,8,TOT,NFL,116,101,7,15,2.14,1,0.1
1021,Tyler Ervin,NHoF,2016,2019,3,TOT,NFL,29,0,5,15,3,0,0.5
1022,Victor Floyd,NHoF,1989,1989,0,SDG,NFL,6,0,8,15,1.88,0,2.5
1023,Junior Tautalatasi,NHoF,1989,1989,0,DAL,NFL,13,0,6,15,2.5,0,1.2
1024,Derrick Wimbush,NHoF,2005,2006,1,JAX,NFL,26,7,4,15,3.75,1,0.6
1025,Brock Bolen,NHoF,2009,2011,2,JAX,NFL,20,0,2,14,7,0,0.7
1026,LeShun Daniels,NHoF,2017,2017,0,WAS,NFL,4,0,3,14,4.67,0,3.5
1027,Jeff Demps,NHoF,2012,2014,2,TOT,NFL,2,0,1,14,14,0,7
1028,Will Johnson,NHoF,2012,2015,3,PIT,NFL,63,21,8,14,1.75,1,0.2
1029,Garrett Limbrick,NHoF,1990,1990,0,MIA,NFL,7,2,5,14,2.8,0,2
1030,Brit Miller,NHoF,2009,2012,3,TOT,NFL,35,4,5,14,2.8,0,0.4
1031,Ryan Neufeld,NHoF,1999,2007,8,TOT,NFL,72,7,1,14,14,0,0.2
1032,William Bell,NHoF,1994,1996,2,WAS,NFL,39,0,4,13,3.25,0,0.3
1033,Allen Bradford,NHoF,2011,2015,4,TOT,NFL,19,0,5,13,2.6,0,0.7
1034,Kerry Carter,NHoF,2003,2004,1,SEA,NFL,32,0,7,13,1.86,0,0.4
1035,Matthew Dayes,NHoF,2017,2018,1,TOT,NFL,23,0,5,13,2.6,0,0.6
1036,Eric Lane,NHoF,1997,1997,0,NYG,NFL,15,0,5,13,2.6,0,0.9
1037,Luke Lawton,NHoF,2005,2009,4,TOT,NFL,44,10,5,13,2.6,0,0.3
1038,Kris Wilson,NHoF,2004,2011,7,TOT,NFL,97,30,4,13,3.25,0,0.1
1039,Manase Tonga,NHoF,2011,2011,0,RAI,NFL,11,3,1,12,12,0,1.1
1040,Trey Williams,NHoF,2015,2015,0,CLT,NFL,2,0,2,12,6,0,6
1041,Cierre Wood,NHoF,2013,2015,2,TOT,NFL,7,0,5,12,2.4,0,1.7
1042,Michael Burton,NHoF,2015,2018,3,TOT,NFL,55,11,8,11,1.38,0,0.2
1043,Kareem Huggins,NHoF,2009,2010,1,TAM,NFL,6,0,4,11,2.75,0,1.8
1044,Dexter McNabb,NHoF,1992,1995,3,TOT,NFL,33,0,2,11,5.5,0,0.3
1045,Darian Barnes,NHoF,2002,2008,6,TOT,NFL,75,27,5,10,2,0,0.1
1046,Kenyon Cotton,NHoF,1997,1998,1,RAV,NFL,27,0,4,10,2.5,1,0.4
1047,Nuu Faaola,NHoF,1989,1989,0,2TM,NFL,12,1,2,10,5,0,0.8
1048,Bryan Johnson,NHoF,2000,2005,5,TOT,NFL,68,36,4,10,2.5,0,0.1
1049,Chris Samuels,NHoF,1991,1991,0,SDG,NFL,3,0,2,10,5,0,3.3
1050,Ray Wallace,NHoF,1989,1989,0,PIT,NFL,9,0,5,10,2,1,1.1
1051,Russell White,NHoF,1993,1993,0,RAM,NFL,5,0,2,10,5,0,2
1052,Wes Bender,NHoF,1994,1997,3,TOT,NFL,20,0,5,9,1.8,0,0.5
1053,Jon Bradley,NHoF,2004,2007,3,TOT,NFL,41,9,5,9,1.8,0,0.2
1054,Sheldon Canley,NHoF,1992,1992,0,NYJ,NFL,1,0,4,9,2.25,0,9
1055,Gilbert Harris,NHoF,2007,2007,0,KAN,NFL,4,0,9,9,1,0,2.3
1056,Kay-Jay Harris,NHoF,2006,2006,0,RAM,NFL,7,0,3,9,3,0,1.3
1057,Bronson Hill,NHoF,2016,2017,1,TOT,NFL,5,0,3,9,3,0,1.8
1058,Keylon Kincade,NHoF,2006,2006,0,DAL,NFL,1,0,4,9,2.25,0,9
1059,Vick King,NHoF,2004,2004,0,MIA,NFL,2,0,4,9,2.25,0,4.5
1060,Sultan McCullough,NHoF,2003,2003,0,WAS,NFL,1,0,1,9,9,0,9
1061,Mike Pringle,NHoF,1990,1990,0,ATL,NFL,3,0,2,9,4.5,0,3
1062,Darwin Thompson,NHoF,2019,2019,0,KAN,NFL,4,0,4,9,2.25,0,2.3
1063,Toby Wright,NHoF,1994,1999,5,TOT,NFL,59,44,1,9,9,0,0.2
1064,David Allen,NHoF,2003,2005,2,TOT,NFL,23,0,4,8,2,0,0.3
1065,Jason Bratton,NHoF,1996,1996,0,BUF,NFL,2,0,4,8,2,0,4
1066,Patrick DiMarco,NHoF,2012,2019,7,TOT,NFL,103,50,5,8,1.6,0,0.1
1067,Ray Graham,NHoF,2013,2013,0,HTX,NFL,1,0,4,8,2,0,8
1068,Paul Lasike,NHoF,2016,2016,0,CHI,NFL,10,3,3,8,2.67,0,0.8
1069,Owen Marecic,NHoF,2011,2012,1,CLE,NFL,24,6,4,8,2,0,0.3
1070,Jeremy McNichols,NHoF,2017,2018,1,TOT,NFL,4,0,4,8,2,0,2
1071,Derrick Ross,NHoF,2006,2006,0,KAN,NFL,7,0,3,8,2.67,0,1.1
1072,Chauncey Washington,NHoF,2008,2011,3,TOT,NFL,11,0,5,8,1.6,0,0.7
1073,Marquis Weeks,NHoF,2006,2006,0,SEA,NFL,10,0,3,8,2.67,0,0.8
1074,Jermaine Williams,NHoF,1998,2001,3,TOT,NFL,44,2,2,8,4,0,0.2
1075,Steve Avery,NHoF,1989,1995,6,TOT,NFL,27,3,3,7,2.33,0,0.3
1076,Michael Blair,NHoF,1998,1998,0,2TM,NFL,13,0,3,7,2.33,0,0.5
1077,Randy Cuthbert,NHoF,1993,1994,1,PIT,NFL,11,0,1,7,7,0,0.6
1078,Jamar Martin,NHoF,2003,2006,3,TOT,NFL,25,2,4,7,1.75,0,0.3
1079,Brock Olivo,NHoF,1998,2001,3,DET,NFL,44,0,2,7,3.5,0,0.2
1080,Armond Smith,NHoF,2011,2013,2,TOT,NFL,12,0,10,7,0.7,0,0.6
1081,Derrick Witherspoon,NHoF,1995,1997,2,PHI,NFL,34,0,2,7,3.5,0,0.2
1082,Beno Bryant,NHoF,1994,1994,0,SEA,NFL,2,0,1,6,6,0,3
1083,Joey Goodspeed,NHoF,2002,2004,2,TOT,NFL,36,9,3,6,2,1,0.2
1084,Jonas Lewis,NHoF,2000,2001,1,SFO,NFL,11,0,1,6,6,0,0.5
1085,Timmy Smith,NHoF,1990,1990,0,DAL,NFL,1,1,6,6,1,0,6
1086,Javarris Williams,NHoF,2009,2012,3,TOT,NFL,4,0,6,6,1,0,1.5
1087,Rich Alexis,NHoF,2005,2007,2,TOT,NFL,4,0,3,5,1.67,0,1.3
1088,Ryan Benjamin,NHoF,1993,1993,0,CIN,NFL,1,0,3,5,1.67,0,5
1089,Reggie Bonnafon,NHoF,2019,2019,0,CAR,NFL,4,0,2,5,2.5,0,1.3
1090,Ronney Jenkins,NHoF,2000,2003,3,TOT,NFL,52,0,9,5,0.56,0,0.1
1091,Quinn Johnson,NHoF,2009,2013,4,TOT,NFL,44,13,4,5,1.25,0,0.1
1092,Dan Klecko,NHoF,2003,2008,5,TOT,NFL,63,6,2,5,2.5,0,0.1
1093,Reagan Maui'a,NHoF,2007,2012,5,TOT,NFL,39,19,4,5,1.25,0,0.1
1094,Sherriden May,NHoF,1995,1996,1,NYJ,NFL,13,1,2,5,2.5,0,0.4
1095,A.J. Schable,NHoF,2006,2006,0,CRD,NFL,11,0,1,5,5,0,0.5
1096,Kory Sheets,NHoF,2009,2014,5,TOT,NFL,2,0,1,5,5,0,2.5
1097,Keith Smith,NHoF,2014,2019,5,TOT,NFL,67,7,3,5,1.67,0,0.1
1098,Will Tukuafu,NHoF,2011,2016,5,TOT,NFL,50,4,7,5,0.71,1,0.1
1099,Pooh Bear Williams,NHoF,1998,1998,0,BUF,NFL,3,0,2,5,2.5,0,1.7
1100,Bralon Addison,NHoF,2016,2016,0,CHI,NFL,2,0,1,4,4,0,2
1101,Jerone Davison,NHoF,1996,1997,1,RAI,NFL,10,1,2,4,2,0,0.4
1102,Oscar Gray,NHoF,1996,1996,0,SEA,NFL,9,0,2,4,2,0,0.4
1103,Justin Green,NHoF,2005,2007,2,RAV,NFL,39,7,5,4,0.8,0,0.1
1104,David Johnson,NHoF,2009,2016,7,TOT,NFL,98,37,2,4,2,0,0
1105,Zak Keasey,NHoF,2005,2008,3,TOT,NFL,20,3,2,4,2,0,0.2
1106,Erik Lorig,NHoF,2010,2014,4,TOT,NFL,66,30,3,4,1.33,0,0.1
1107,Roosevelt Nix,NHoF,2015,2019,4,PIT,NFL,58,11,4,4,1,1,0.1
1108,Ken Simonton,NHoF,2003,2003,0,BUF,NFL,2,0,2,4,2,0,2
1109,De'Lance Turner,NHoF,2018,2018,0,RAV,NFL,4,0,1,4,4,0,1
1110,Ronnie Wingo,NHoF,2013,2014,1,TOT,NFL,2,0,1,4,4,0,2
1111,Deon Anderson,NHoF,2007,2010,3,DAL,NFL,39,18,2,3,1.5,0,0.1
1112,Chris Barclay,NHoF,2007,2007,0,2TM,NFL,5,0,1,3,3,0,0.6
1113,Nehemiah Broughton,NHoF,2005,2006,1,WAS,NFL,6,0,1,3,3,0,0.5
1114,Chris Cooley,NHoF,2004,2012,8,WAS,NFL,117,103,2,3,1.5,0,0
1115,Mike Cox,NHoF,2008,2012,4,TOT,NFL,56,29,4,3,0.75,1,0.1
1116,Alex Haynes,NHoF,2007,2007,0,CAR,NFL,10,0,3,3,1,0,0.3
1117,Chad Levitt,NHoF,1997,1997,0,RAI,NFL,10,2,2,3,1.5,0,0.3
1118,Tre Madden,NHoF,2017,2018,1,SEA,NFL,22,6,3,3,1,0,0.1
1119,Tim Tyrrell,NHoF,1989,1989,0,PIT,NFL,7,0,1,3,3,0,0.4
1120,Danny Vitale,NHoF,2016,2019,3,TOT,NFL,33,11,1,3,3,0,0.1
1121,Ray Agnew,NHoF,2014,2014,0,CLE,NFL,12,9,2,2,1,0,0.2
1122,Dante Brown,NHoF,2004,2004,0,PIT,NFL,1,0,1,2,2,0,2
1123,Jehuu Caulcrick,NHoF,2010,2010,0,BUF,NFL,2,0,1,2,2,0,1
1124,Chad Dukes,NHoF,2000,2000,0,2TM,NFL,2,0,2,2,1,0,1
1125,Madison Hedgecock,NHoF,2005,2010,5,TOT,NFL,84,47,3,2,0.67,0,0
1126,Marlion Jackson,NHoF,2006,2006,0,ATL,NFL,1,0,1,2,2,0,2
1127,Malcolm Johnson,NHoF,2015,2016,1,CLE,NFL,19,6,1,2,2,0,0.1
1128,T.J. Logan,NHoF,2018,2019,1,TOT,NFL,14,0,2,2,1,0,0.1
1129,Ray Nealy,NHoF,1997,1997,0,MIA,NFL,1,0,1,2,2,0,2
1130,Bear Pascoe,NHoF,2009,2015,6,TOT,NFL,85,34,1,2,2,0,0
1131,Tyler Varga,NHoF,2015,2015,0,CLT,NFL,3,0,1,2,2,0,0.7
1132,Eddie Williams,NHoF,2011,2012,1,TOT,NFL,6,0,2,2,1,0,0.3
1133,Quincy Wilson,NHoF,2006,2007,1,CIN,NFL,4,0,2,2,1,0,0.5
1134,Jason Burns,NHoF,1995,1995,0,CIN,NFL,1,0,1,1,1,0,1
1135,Omar Easy,NHoF,2002,2005,3,TOT,NFL,53,0,4,1,0.25,0,0
1136,Rhett Ellison,NHoF,2012,2019,7,TOT,NFL,107,71,1,1,1,1,0
1137,George Farmer,NHoF,2016,2016,0,SEA,NFL,2,0,1,1,1,0,0.5
1138,Patrick Hape,NHoF,1997,2004,7,TOT,NFL,124,21,3,1,0.33,0,0
1139,Alec Ingold,NHoF,2019,2019,0,RAI,NFL,4,2,1,1,1,0,0.3
1140,Devante Mays,NHoF,2017,2017,0,GNB,NFL,8,0,4,1,0.25,0,0.1
1141,Dennis McKinley,NHoF,1999,2002,3,CRD,NFL,58,1,1,1,1,0,0
1142,Marvin Powell,NHoF,1999,1999,0,NOR,NFL,9,0,1,1,1,0,0.1
1143,Will Ta'ufo'ou,NHoF,2012,2014,2,JAX,NFL,38,12,1,1,1,0,0
1144,Lawrence Thomas,NHoF,2016,2017,1,NYJ,NFL,17,5,2,1,0.5,0,0.1
1145,D.J. Adams,NHoF,2014,2014,0,SDG,NFL,0,,0,0,,0,
1146,Alvester Alexander,NHoF,2012,2012,0,2TM,NFL,,,0,0,,0,
1147,Dan Alexander,NHoF,2001,2003,2,TOT,NFL,11,0,0,0,,0,0
1148,Charles Ali,NHoF,2007,2008,1,CLE,NFL,28,4,0,0,,0,0
1149,Brian Allen,NHoF,2003,2003,0,CLT,NFL,4,0,0,0,,0,0
1150,Andre' Anderson,NHoF,2010,2010,0,BUF,NFL,2,0,0,0,,0,0
1151,Jason Anderson,NHoF,2005,2005,0,HTX,NFL,1,0,0,0,,0,0
1152,Josh Baker,NHoF,2011,2011,0,NYJ,NFL,11,0,0,0,,0,0
1153,Kantroy Barber,NHoF,1999,1999,0,MIA,NFL,2,0,0,0,,0,0
1154,Zach Bauman,NHoF,2014,2014,0,CRD,NFL,0,,0,0,,0,
1155,Nick Bawden,NHoF,2019,2019,0,DET,NFL,4,0,0,0,,0,0
1156,Rick Bayless,NHoF,1989,1989,0,MIN,NFL,1,0,0,0,,0,0
1157,Andrew Beck,NHoF,2019,2019,0,DEN,NFL,4,1,0,0,,0,0
1158,Nick Bellore,NHoF,2011,2019,8,TOT,NFL,126,16,1,0,0,0,0
1159,Carey Bender,NHoF,1996,1996,0,BUF,NFL,1,0,0,0,,0,0
1160,Cory Boyd,NHoF,2008,2008,0,DEN,NFL,1,0,0,0,,0,0
1161,Reggie Branch,NHoF,1989,1989,0,WAS,NFL,10,0,0,0,,0,0
1162,Demitrius Bronson,NHoF,2014,2014,0,SEA,NFL,0,,0,0,,0,
1163,John Bronson,NHoF,2005,2006,1,CRD,NFL,3,0,0,0,,0,0
1164,Tony Brooks,NHoF,1992,1992,0,PHI,NFL,5,0,0,0,,0,0
1165,Steve Bush,NHoF,1997,2005,8,TOT,NFL,118,28,0,0,,0,0
1166,Terry Butler,NHoF,2005,2005,0,NYJ,NFL,1,0,0,0,,0,0
1167,Butler By'not'e,NHoF,1994,1995,1,TOT,NFL,16,0,0,0,,0,0
1168,Jeremy Cain,NHoF,2004,2014,10,TOT,NFL,99,0,0,0,,0,0
1169,Lydell Carr,NHoF,1989,1989,0,CRD,NFL,5,0,0,0,,0,0
1170,Paul Ott Carruth,NHoF,1989,1989,0,KAN,NFL,2,1,0,0,,0,0
1171,Tra Carson,NHoF,2018,2018,0,2TM,NFL,6,0,0,0,,0,0
1172,Cethan Carter,NHoF,2017,2019,2,CIN,NFL,20,0,0,0,,0,0
1173,Matt Cercone,NHoF,2000,2002,2,MIN,NFL,5,0,0,0,,0,0
1174,Shaun Chapas,NHoF,2011,2012,1,TOT,NFL,6,1,0,0,,0,0
1175,Kory Chapman,NHoF,2005,2005,0,CLT,NFL,3,0,0,0,,0,0
1176,Orson Charles,NHoF,2012,2018,6,TOT,NFL,49,8,0,0,,0,0
1177,Jordan Chunn,NHoF,2019,2019,0,DAL,NFL,1,0,0,0,,0,0
1178,Tyler Clutts,NHoF,2011,2015,4,TOT,NFL,72,14,0,0,,0,0
1179,Daniel Coats,NHoF,2007,2010,3,TOT,NFL,57,18,0,0,,0,0
1180,DeAndra Cobb,NHoF,2005,2005,0,ATL,NFL,3,0,0,0,,0,0
1181,Trevor Cobb,NHoF,1994,1994,0,CHI,NFL,1,0,0,0,,0,0
1182,Alonzo Coleman,NHoF,2008,2008,0,DAL,NFL,1,0,0,0,,0,0
1183,Lavon Coleman,NHoF,2018,2018,0,GNB,NFL,1,0,0,0,,0,0
1184,Tony Collins,NHoF,1990,1990,0,MIA,NFL,1,0,0,0,,0,0
1185,Chandler Cox,NHoF,2019,2019,0,MIA,NFL,4,1,0,0,,0,0
1186,Casey Cramer,NHoF,2004,2008,4,TOT,NFL,36,4,0,0,,0,0
1187,Phillip Crosby,NHoF,2001,2003,2,BUF,NFL,35,6,0,0,,0,0
1188,Dan Curley,NHoF,2003,2003,0,RAM,NFL,1,0,0,0,,0,0
1189,Lou D'Agostino,NHoF,1996,1996,0,NYJ,NFL,9,0,0,0,,0,0
1190,Ryan D'Imperio,NHoF,2011,2011,0,MIN,NFL,12,1,0,0,,0,0
1191,Anthony Daigle,NHoF,1994,1994,0,PIT,NFL,1,0,0,0,,0,0
1192,P.J. Daniels,NHoF,2007,2007,0,RAV,NFL,1,0,0,0,,0,0
1193,Chris Davis,NHoF,2003,2003,0,SEA,NFL,1,0,0,0,,0,0
1194,Jason Davis,NHoF,2008,2008,0,2TM,NFL,6,3,1,0,0,0,0
1195,Dalyn Dawkins,NHoF,2018,2018,0,OTI,NFL,2,0,0,0,,0,0
1196,Walter Dean,NHoF,1991,1991,0,GNB,NFL,9,0,0,0,,0,0
1197,Ron Dickerson,NHoF,1993,1994,1,KAN,NFL,15,0,1,0,0,0,0
1198,Dahrran Diedrick,NHoF,2004,2004,0,WAS,NFL,1,0,0,0,,0,0
1199,Derrick Douglas,NHoF,1991,1991,0,CLE,NFL,2,0,0,0,,0,0
1200,Robert Douglas,NHoF,2007,2007,0,NYG,NFL,1,0,0,0,,0,0
1201,Ty Douthard,NHoF,1997,1997,0,CIN,NFL,1,0,0,0,,0,0
1202,Scott Dragos,NHoF,2000,2001,1,CHI,NFL,15,2,0,0,,0,0
1203,Kevin Dudley,NHoF,2005,2006,1,ATL,NFL,2,0,0,0,,0,0
1204,Mike Dulaney,NHoF,1995,1998,3,TOT,NFL,36,1,0,0,,0,0
1205,Deon Dyer,NHoF,2000,2002,2,MIA,NFL,45,1,0,0,,0,0
1206,Doug Easlick,NHoF,2004,2004,0,MIA,NFL,3,1,0,0,,0,0
1207,Chris Edmonds,NHoF,2002,2003,1,CIN,NFL,12,0,0,0,,0,0
1208,Darren Evans,NHoF,2011,2012,1,TOT,NFL,3,0,0,0,,0,0
1209,Bradie Ewing,NHoF,2012,2014,2,TOT,NFL,2,2,0,0,,0,0
1210,Carl Fair,NHoF,2001,2001,0,CLE,NFL,3,0,0,0,,0,0
1211,Robert Farmer,NHoF,1999,1999,0,NYJ,NFL,13,0,0,0,,0,0
1212,Mel Farr,NHoF,1989,1989,0,RAM,NFL,1,0,0,0,,0,0
1213,Diamond Ferri,NHoF,2006,2006,0,CRD,NFL,3,0,0,0,,0,0
1214,Michael Ford,NHoF,2013,2013,0,CHI,NFL,12,0,0,0,,0,0
1215,J.P. Foschi,NHoF,2005,2010,5,TOT,NFL,35,16,0,0,,0,0
1216,Tyler Gaffney,NHoF,2014,2014,0,NWE,NFL,0,,0,0,,0,
1217,Terrance Ganaway,NHoF,2012,2012,0,RAM,NFL,3,0,0,0,,0,0
1218,Lionel Gates,NHoF,2007,2007,0,TAM,NFL,1,0,0,0,,0,0
1219,Spencer George,NHoF,1997,1999,2,OTI,NFL,18,0,0,0,,0,0
1220,Cullen Gillaspia,NHoF,2019,2019,0,HTX,NFL,4,0,0,0,,0,0
1221,Kerry Goode,NHoF,1989,1989,0,MIA,NFL,1,0,0,0,,0,0
1222,Roger Graham,NHoF,1996,1996,0,JAX,NFL,1,0,0,0,,0,0
1223,Rupert Grant,NHoF,1995,1995,0,NWE,NFL,7,1,0,0,,0,0
1224,Aaron Green,NHoF,2016,2016,0,RAM,NFL,2,0,0,0,,0,0
1225,David Green,NHoF,1995,1995,0,NWE,NFL,2,0,0,0,,0,0
1226,John Griffin,NHoF,2012,2012,0,NYJ,NFL,1,0,0,0,,0,0
1227,Boomer Grigsby,NHoF,2005,2008,3,TOT,NFL,45,1,0,0,,0,0
1228,Glenn Gronkowski,NHoF,2016,2016,0,BUF,NFL,1,0,0,0,,0,0
1229,Korey Hall,NHoF,2007,2011,4,TOT,NFL,61,26,0,0,,0,0
1230,Jewel Hampton,NHoF,2012,2012,0,SFO,NFL,,,0,0,,0,
1231,Russell Hansbrough,NHoF,2016,2016,0,TAM,NFL,2,0,0,0,,0,0
1232,Robert Hardy,NHoF,1991,1991,0,TAM,NFL,16,0,0,0,,0,0
1233,Cory Harkey,NHoF,2012,2016,4,RAM,NFL,64,30,0,0,,0,0
1234,Damien Harris,NHoF,2019,2019,0,NWE,NFL,1,0,0,0,,0,0
1235,Frank Harvey,NHoF,1994,1994,0,CRD,NFL,2,0,0,0,,0,0
1236,Mario Harvey,NHoF,2012,2014,2,TOT,NFL,28,0,0,0,,0,0
1237,Keith Heinrich,NHoF,2002,2007,5,TOT,NFL,22,3,0,0,,0,0
1238,Darrell Henderson,NHoF,2019,2019,0,RAM,NFL,3,0,1,0,0,0,0
1239,Brian Henesey,NHoF,1994,1994,0,CRD,NFL,3,0,0,0,,0,0
1240,Ryan Hewitt,NHoF,2014,2018,4,TOT,NFL,72,40,1,0,0,0,0
1241,Dwone Hicks,NHoF,2003,2003,0,OTI,NFL,3,0,0,0,,0,0
1242,Madre Hill,NHoF,1999,2002,3,TOT,NFL,7,0,0,0,,0,0
1243,Marcus Holliday,NHoF,1996,1996,0,RAM,NFL,1,0,0,0,,0,0
1244,Travis Homer,NHoF,2019,2019,0,SEA,NFL,5,0,0,0,,0,0
1245,Elijah Hood,NHoF,2017,2017,0,RAI,NFL,1,0,0,0,,0,0
1246,Kevin Houser,NHoF,2000,2010,10,TOT,NFL,159,0,0,0,,0,0
1247,Buddy Howell,NHoF,2018,2018,0,HTX,NFL,4,0,0,0,,0,0
1248,Buddy Howell,NHoF,2018,2019,1,HTX,NFL,19,0,0,0,,0,0
1249,Julian Howsare,NHoF,2016,2016,0,NYJ,NFL,2,0,0,0,,0,0
1250,Oliver Hoyte,NHoF,2006,2007,1,DAL,NFL,22,14,0,0,,0,0
1251,Dameon Hunter,NHoF,2002,2002,0,RAV,NFL,1,0,0,0,,0,0
1252,Emil Igwenagu,NHoF,2012,2014,2,TOT,NFL,3,1,0,0,,0,0
1253,Dou Innocent,NHoF,1996,1996,0,SEA,NFL,4,0,0,0,,0,0
1254,Paul Irons,NHoF,2005,2005,0,CLE,NFL,2,1,0,0,,0,0
1255,Jasen Isom,NHoF,2003,2004,1,SFO,NFL,7,1,1,0,0,0,0
1256,John Ivlow,NHoF,1993,1993,0,CHI,NFL,2,0,0,0,,0,0
1257,Rashawn Jackson,NHoF,2010,2010,0,CAR,NFL,2,1,0,0,,0,0
1258,Ray Jackson,NHoF,2003,2003,0,OTI,NFL,1,0,0,0,,0,0
1259,Dustin Johnson,NHoF,1999,1999,0,SEA,NFL,1,0,0,0,,0,0
1260,Jakob Johnson,NHoF,2019,2019,0,NWE,NFL,2,1,0,0,,0,0
1261,Jerome Johnson,NHoF,2010,2010,0,CRD,NFL,1,0,0,0,,0,0
1262,Undra Johnson,NHoF,1989,1989,0,2TM,NFL,6,0,0,0,,0,0
1263,Wesley Johnson,NHoF,2014,2018,4,TOT,NFL,53,24,0,0,,0,0
1264,Kadeem Jones,NHoF,2014,2014,0,RAM,NFL,0,,0,0,,0,
1265,Keith Joseph,NHoF,2006,2006,0,NOR,NFL,1,0,0,0,,0,0
1266,Henry Josey,NHoF,2014,2014,0,2TM,NFL,0,,0,0,,0,
1267,Jarmar Julien,NHoF,2002,2002,0,KAN,NFL,2,0,0,0,,0,0
1268,Joe Kerridge,NHoF,2016,2017,1,GNB,NFL,12,0,1,0,0,0,0
1269,Randy Kinder,NHoF,1997,1997,0,2TM,NFL,12,0,0,0,,0,0
1270,Carlos King,NHoF,1998,1998,0,PIT,NFL,1,0,0,0,,0,0
1271,Charles Kirby,NHoF,2000,2000,0,TAM,NFL,6,2,0,0,,0,0
1272,David Kirtman,NHoF,2007,2008,1,TOT,NFL,7,0,0,0,,0,0
1273,Jim Kitts,NHoF,1997,1998,1,TOT,NFL,15,0,0,0,,0,0
1274,Corey Knox,NHoF,2014,2014,0,BUF,NFL,0,,0,0,,0,
1275,Brian Kozlowski,NHoF,1994,2007,13,TOT,NFL,182,29,0,0,,0,0
1276,Patrick Laird,NHoF,2019,2019,0,MIA,NFL,3,0,0,0,,0,0
1277,Billy Latsko,NHoF,2010,2010,0,SDG,NFL,1,0,0,0,,0,0
1278,Brian Lattimore,NHoF,1991,1991,0,CLT,NFL,3,0,0,0,,0,0
1279,Marcus Lattimore,NHoF,2014,2014,0,SFO,NFL,0,,0,0,,0,
1280,Matt Lawrence,NHoF,2009,2009,0,RAV,NFL,8,0,4,0,0,0,0
1281,Jamie Lawson,NHoF,1989,1990,1,TOT,NFL,12,0,0,0,,0,0
1282,Burnie Legette,NHoF,1993,1994,1,NWE,NFL,10,0,0,0,,0,0
1283,Doug Lloyd,NHoF,1991,1991,0,RAI,NFL,1,0,0,0,,0,0
1284,Tom Lopienski,NHoF,2003,2004,1,CLT,NFL,6,0,0,0,,0,0
1285,Dennis Lundy,NHoF,1995,1995,0,2TM,NFL,9,0,0,0,,0,0
1286,James Lynch,NHoF,2004,2004,0,CIN,NFL,1,0,0,0,,0,0
1287,Malaefou MacKenzie,NHoF,2003,2003,0,JAX,NFL,1,0,0,0,,0,0
1288,Nick Maddox,NHoF,2003,2003,0,CLE,NFL,1,0,0,0,,0,0
1289,Ryan Mahaffey,NHoF,2011,2011,0,CLT,NFL,5,0,0,0,,0,0
1290,Marcus Mailei,NHoF,2009,2009,0,NOR,NFL,2,0,0,0,,0,0
1291,Ben Malena,NHoF,2014,2014,0,HTX,NFL,0,,0,0,,0,
1292,Jerry Mays,NHoF,1990,1990,0,SDG,NFL,2,0,0,0,,0,0
1293,Dusty McGrorty,NHoF,2004,2004,0,RAM,NFL,1,0,0,0,,0,0
1294,Kevin McLeod,NHoF,1999,2003,4,TOT,NFL,8,1,0,0,,0,0
1295,Richard Medlin,NHoF,2011,2011,0,MIA,NFL,1,0,0,0,,0,0
1296,Davin Meggett,NHoF,2012,2012,0,CLT,NFL,,,0,0,,0,
1297,Arnold Mickens,NHoF,1996,1996,0,CLT,NFL,3,0,0,0,,0,0
1298,Joe Mickles,NHoF,1989,1990,1,TOT,NFL,10,0,0,0,,0,0
1299,Trey Millard,NHoF,2014,2014,0,SFO,NFL,0,,0,0,,0,
1300,Lonyae Miller,NHoF,2010,2012,2,TOT,NFL,4,0,0,0,,0,0
1301,John Henry Mills,NHoF,1993,1999,6,TOT,NFL,100,1,0,0,,0,0
1302,Brandon Miree,NHoF,2006,2006,0,GNB,NFL,10,3,0,0,,0,0
1303,Alvin Mitchell,NHoF,1989,1989,0,TAM,NFL,5,0,0,0,,0,0
1304,Jake Moreland,NHoF,2000,2001,1,TOT,NFL,11,1,0,0,,0,0
1305,Spencer Nead,NHoF,2003,2003,0,RAM,NFL,10,0,0,0,,0,0
1306,Leon Neal,NHoF,1997,1997,0,CLT,NFL,1,0,0,0,,0,0
1307,Rajion Neal,NHoF,2014,2014,0,GNB,NFL,0,,0,0,,0,
1308,Larry Ned,NHoF,2003,2004,1,MIN,NFL,19,0,0,0,,0,0
1309,Brian O'Neal,NHoF,1994,1995,1,TOT,NFL,17,0,0,0,,0,0
1310,Oren O'Neal,NHoF,2007,2009,2,RAI,NFL,18,1,1,0,0,0,0
1311,Dare Ogunbowale,NHoF,2017,2019,2,TOT,NFL,8,0,1,0,0,0,0
1312,Toben Opurum,NHoF,2014,2015,1,TOT,NFL,2,0,0,0,,0,0
1313,Ricky Ortiz,NHoF,2018,2018,0,ATL,NFL,12,9,0,0,,0,0
1314,Wes Ours,NHoF,2001,2001,0,OTI,NFL,3,0,0,0,,0,0
1315,Richard Owens,NHoF,2004,2007,3,TOT,NFL,53,7,0,0,,0,0
1316,Chris Parker,NHoF,1997,1997,0,JAX,NFL,1,0,0,0,,0,0
1317,Josh Parry,NHoF,2004,2006,2,TOT,NFL,37,15,0,0,,0,0
1318,Jeff Paulk,NHoF,1999,2000,1,TOT,NFL,2,0,0,0,,0,0
1319,LaDarius Perkins,NHoF,2014,2014,0,PIT,NFL,0,,0,0,,0,
1320,Marcus Pollard,NHoF,1995,2008,13,TOT,NFL,192,135,0,0,,0,0
1321,Tauren Poole,NHoF,2012,2014,2,TOT,NFL,3,0,1,0,0,0,0
1322,Quinn Porter,NHoF,2011,2011,0,RAM,NFL,12,0,0,0,,0,0
1323,Chris Pressley,NHoF,2009,2012,3,TOT,NFL,43,20,2,0,0,0,0
1324,James Primus,NHoF,1989,1989,0,ATL,NFL,5,0,0,0,,0,0
1325,Lonnie Pryor,NHoF,2014,2014,0,2TM,NFL,0,,0,0,,0,
1326,Jamie Reader,NHoF,2001,2001,0,PHI,NFL,16,0,0,0,,0,0
1327,Travis Reece,NHoF,1998,1999,1,DET,NFL,7,0,0,0,,0,0
1328,Mike Reed,NHoF,1998,1998,0,PHI,NFL,4,0,0,0,,0,0
1329,Chase Reynolds,NHoF,2012,2016,4,RAM,NFL,60,1,0,0,,0,0
1330,Joffrey Reynolds,NHoF,2003,2003,0,RAM,NFL,4,0,0,0,,0,0
1331,Patrick Ricard,NHoF,2017,2019,2,RAV,NFL,30,3,0,0,,0,0
1332,Gijon Robinson,NHoF,2008,2010,2,CLT,NFL,39,26,0,0,,0,0
1333,Evan Rodriguez,NHoF,2012,2014,2,TOT,NFL,20,5,0,0,,0,0
1334,Charlie Rogers,NHoF,1999,2003,4,TOT,NFL,67,0,0,0,,0,0
1335,Dominique Ross,NHoF,1995,1996,1,DAL,NFL,3,0,0,0,,0,0
1336,J.D. Runnels,NHoF,2006,2006,0,CHI,NFL,2,0,0,0,,0,0
1337,Tyrone Rush,NHoF,1994,1994,0,WAS,NFL,5,0,0,0,,0,0
1338,Tarek Saleh,NHoF,1997,2001,4,TOT,NFL,59,1,0,0,,0,0
1339,Tom Santi,NHoF,2008,2009,1,CLT,NFL,9,4,0,0,,0,0
1340,Brian Satterfield,NHoF,1996,1996,0,GNB,NFL,1,0,0,0,,0,0
1341,Jordan Scarlett,NHoF,2019,2019,0,CAR,NFL,2,0,0,0,,0,0
1342,Boston Scott,NHoF,2018,2018,0,PHI,NFL,2,0,0,0,,0,0
1343,Lache Seastrunk,NHoF,2014,2014,0,OTI,NFL,0,,0,0,,0,
1344,Aaron Shea,NHoF,2000,2005,5,CLE,NFL,65,30,0,0,,0,0
1345,Paul Shields,NHoF,1999,2000,1,CLT,NFL,20,3,0,0,,0,0
1346,James Sims,NHoF,2006,2006,0,NYG,NFL,2,0,0,0,,0,0
1347,Kiero Small,NHoF,2014,2014,0,2TM,NFL,3,3,0,0,,0,0
1348,Brad Smelley,NHoF,2012,2014,2,TOT,NFL,4,0,0,0,,0,0
1349,De'Veon Smith,NHoF,2017,2017,0,MIA,NFL,5,0,0,0,,0,0
1350,Dennis Smith,NHoF,1990,1990,0,CRD,NFL,4,0,0,0,,0,0
1351,Dreamius Smith,NHoF,2015,2015,0,SDG,NFL,1,0,0,0,,0,0
1352,Jacques Smith,NHoF,2014,2014,0,ATL,NFL,1,0,0,0,,0,0
1353,Jerome Smith,NHoF,2014,2014,0,ATL,NFL,1,0,0,0,,0,0
1354,Khreem Smith,NHoF,2006,2007,1,TOT,NFL,3,0,0,0,,0,0
1355,Michael Smith,NHoF,2012,2014,2,TOT,NFL,1,0,0,0,,0,0
1356,Shane Smith,NHoF,2017,2018,1,NYG,NFL,13,4,0,0,,0,0
1357,Matt Snider,NHoF,1999,2001,2,TOT,NFL,28,0,0,0,,0,0
1358,Olaniyi Sobomehin,NHoF,2008,2008,0,NOR,NFL,1,0,0,0,,0,0
1359,Chad Spann,NHoF,2011,2013,2,TOT,NFL,2,0,0,0,,0,0
1360,Blake Spence,NHoF,1998,2000,2,TOT,NFL,18,0,0,0,,0,0
1361,Charles Stackhouse,NHoF,2002,2003,1,TOT,NFL,30,4,1,0,0,0,0
1362,Siran Stacy,NHoF,1992,1992,0,PHI,NFL,16,0,0,0,,0,0
1363,Matt Stanley,NHoF,2004,2004,0,SFO,NFL,1,0,0,0,,0,0
1364,Ed Stansbury,NHoF,2002,2002,0,HTX,NFL,1,0,0,0,,0,0
1365,Robert Staten,NHoF,1996,1996,0,TAM,NFL,6,0,0,0,,0,0
1366,Travis Stephens,NHoF,2002,2002,0,TAM,NFL,1,0,0,0,,0,0
1367,Curtis Stewart,NHoF,1989,1989,0,DAL,NFL,2,0,0,0,,0,0
1368,Byron Storer,NHoF,2007,2008,1,TAM,NFL,15,6,0,0,,0,0
1369,Steve Strachan,NHoF,1989,1989,0,RAI,NFL,16,0,0,0,,0,0
1370,Deon Strother,NHoF,1994,1994,0,DEN,NFL,2,0,0,0,,0,0
1371,Nicky Sualua,NHoF,1997,1998,1,DAL,NFL,26,1,0,0,,0,0
1372,Tony Taylor,NHoF,2001,2001,0,DAL,NFL,1,0,1,0,0,0,0
1373,Ryan Terry,NHoF,1995,1996,1,CRD,NFL,20,0,0,0,,0,0
1374,Marcus Thomas,NHoF,2008,2008,0,2TM,NFL,5,0,0,0,,0,0
1375,Stephen Trejo,NHoF,2001,2004,3,TOT,NFL,59,2,1,0,0,0,0
1376,Matthew Tucker,NHoF,2013,2014,1,PHI,NFL,2,0,0,0,,0,0
1377,Peter Tuipulotu,NHoF,1992,1992,0,SDG,NFL,6,0,0,0,,0,0
1378,Tani Tupou,NHoF,2016,2017,1,TOT,NFL,2,0,0,0,,0,0
1379,Stacy Tutt,NHoF,2006,2007,1,NYJ,NFL,11,0,0,0,,0,0
1380,Ben Utecht,NHoF,2005,2008,3,TOT,NFL,51,36,0,0,,0,0
1381,Tony Vinson,NHoF,1997,1999,2,RAV,NFL,16,0,0,0,,0,0
1382,Craig Walendy,NHoF,2000,2000,0,NYG,NFL,12,0,0,0,,0,0
1383,Robert Walker,NHoF,1996,1996,0,NYG,NFL,1,0,0,0,,0,0
1384,Patrick Washington,NHoF,2001,2002,1,JAX,NFL,30,9,0,0,,0,0
1385,Chuck Weatherspoon,NHoF,1991,1991,0,TAM,NFL,4,0,0,0,,0,0
1386,Chuck Webb,NHoF,1991,1991,0,GNB,NFL,2,0,0,0,,0,0
1387,Brandon Wegher,NHoF,2015,2015,0,CAR,NFL,1,0,0,0,,0,0
1388,Reggie White,NHoF,2001,2001,0,JAX,NFL,5,0,0,0,,0,0
1389,Nikita Whitlock,NHoF,2014,2015,1,TOT,NFL,14,5,0,0,,0,0
1390,Jermaine Wiggins,NHoF,2000,2006,6,TOT,NFL,107,44,0,0,,0,0
1391,James Wilder,NHoF,2014,2014,0,CIN,NFL,0,,0,0,,0,
1392,Eric Wilkerson,NHoF,1989,1989,0,PIT,NFL,1,0,0,0,,0,0
1393,Allen Williams,NHoF,1995,1995,0,DET,NFL,5,0,0,0,,0,0
1394,Clarence Williams,NHoF,2000,2000,0,CRD,NFL,2,0,0,0,,0,0
1395,Dominique Williams,NHoF,2014,2014,0,2TM,NFL,0,,0,0,,0,
1396,Jarveon Williams,NHoF,2017,2017,0,CIN,NFL,1,0,0,0,,0,0
1397,Kevin Williams,NHoF,1993,1993,0,GNB,NFL,3,0,0,0,,0,0
1398,Marquez Williams,NHoF,2017,2017,0,CLE,NFL,1,0,0,0,,0,0
1399,Kion Wilson,NHoF,2010,2014,4,TOT,NFL,15,2,0,0,,0,0
1400,Terry Witherspoon,NHoF,2001,2001,0,DAL,NFL,3,0,0,0,,0,0
1401,James Wofford,NHoF,2002,2002,0,MIN,NFL,9,0,0,0,,0,0
1402,Michael Zimmer,NHoF,2014,2014,0,SEA,NFL,0,,0,0,,0,
1403,Michael Zordich,NHoF,2014,2014,0,NOR,NFL,0,,0,0,,0,
1404,Chris Massey,NHoF,2002,2011,9,TOT,NFL,141,1,1,-1,-1,0,0
1405,Willard Reaves,NHoF,1989,1989,0,2TM,NFL,3,0,1,-1,-1,0,-0.3
1406,Devin Moore,NHoF,2010,2012,2,TOT,NFL,4,0,2,-2,-1,0,-0.5
1407,George Wonsley,NHoF,1989,1989,0,NWE,NFL,5,0,2,-2,-1,0,-0.4
1408,Herbert Goodman,NHoF,2000,2001,1,GNB,NFL,12,0,4,-3,-0.75,0,-0.3
1409,Brandon Burks,NHoF,2016,2016,0,NYJ,NFL,1,0,2,-4,-2,0,-4
1410,Kevin Scott,NHoF,1989,1989,0,DAL,NFL,3,1,2,-4,-2,0,-1.3
1411,Dorin Dickerson,NHoF,2010,2013,3,TOT,NFL,24,0,1,-8,-8,0,-0.3
1412,Glenn Winston,NHoF,2014,2015,1,CLE,NFL,8,0,1,-8,-8,0,-1
