player_name,NFL Experience,Start Year,End Year,Position,current_status
"Abbott, Faye",9 Years,1921,1929,QB,Not Active
"Adams, Tony",5 Years,1975,1987,QB,Not Active
"Adkins, Sam",6 Years,1977,1982,QB,Not Active
"Aikman, Troy",12 Years,1989,2000,QB,Not Active
"Ainge, Erik",3 Years,2008,2010,QB,Not Active
"Albert, Frankie",7 Years,1946,1952,QB,Not Active
"Allard, Don",2 Years,1961,1962,QB,Not Active
"Allen, Ermal",1 Year,1947,1947,QB,Not Active
"Allen, Jared",1 Year,2006,2006,QB,Not Active
"Anderson, Billy",1 Year,1967,1967,QB,Not Active
"Anderson, Derek",14 Years,2005,2018,QB,Not Active
"Anderson, Ken",16 Years,1971,1986,QB,Not Active
"Archer, David",8 Years,1984,1992,QB,Not Active
"Archer, R.J.",3 Years,2010,2015,QB,Not Active
"Arrington, Rick",4 Years,1970,1973,QB,Not Active
"Arth, Tom",1 Year,2003,2003,QB,Not Active
"Austin, Kent",1 Year,1986,1986,QB,Not Active
"Avellini, Bob",10 Years,1975,1984,QB,Not Active
"Badar, Rich",1 Year,1967,1967,QB,Not Active
"Baker, Ed",2 Years,1971,1972,QB,Not Active
"Baker, Jeff",1 Year,1998,1998,QB,Not Active
"Baker, Matt",4 Years,2006,2009,QB,Not Active
"Baker, Terry",3 Years,1963,1965,QB,Not Active
"Ballard, Jim",3 Years,1994,1998,QB,Not Active
"Banks, Tony",10 Years,1996,2005,QB,Not Active
"Barker, Jay",2 Years,1995,1996,QB,Not Active
"Barnes, Joe",1 Year,1974,1974,QB,Not Active
"Barnes, Pat",3 Years,1997,1999,QB,Not Active
"Barnum, Len",5 Years,1938,1942,QB,Not Active
"Barr, Dave",1 Year,1995,1995,QB,Not Active
"Bartel, Richard",6 Years,2007,2012,QB,Not Active
"Bartkowski, Steve",12 Years,1975,1986,QB,Not Active
"Barton, Greg",2 Years,1968,1969,QB,Not Active
"Basanez, Brett",5 Years,2006,2010,QB,Not Active
"Batch, Charlie",15 Years,1998,2012,QB,Not Active
"Baugh, Sammy",16 Years,1937,1952,QB,Not Active
"Beathard, Pete",11 Years,1964,1975,QB,Not Active
"Beban, Gary",2 Years,1968,1969,QB,Not Active
"Beck, John",6 Years,2007,2012,QB,Not Active
"Belden, Bob",2 Years,1969,1970,QB,Not Active
"Bell, Dalton",2 Years,2007,2008,QB,Not Active
"Bell, Kerwin",4 Years,1988,1997,QB,Not Active
"Benhart, Gene",1 Year,1990,1990,QB,Not Active
"Benjamin, Guy",6 Years,1978,1983,QB,Not Active
"Benners, Fred",1 Year,1952,1952,QB,Not Active
"Bennett, Ben",2 Years,1987,1988,QB,Not Active
"Bennett, Bryan",1 Year,2015,2015,QB,Not Active
"Bercovici, Mike",2 Years,2016,2017,QB,Not Active
"Berlin, Brock",4 Years,2006,2009,QB,Not Active
"Berry, Bob",12 Years,1965,1976,QB,Not Active
"Bertelli, Angelo",3 Years,1946,1948,QB,Not Active
"Besana, Fred",2 Years,1977,1978,QB,Not Active
"Bethel-Thompson, McLeod",6 Years,2011,2016,QB,Not Active
"Betts, Josh",3 Years,2006,2008,QB,Not Active
"Beuerlein, Steve",15 Years,1988,2003,QB,Not Active
"Biancone, Johnny",1 Year,1936,1936,QB,Not Active
"Bishop, Keith",1 Year,1987,1987,QB,Not Active
"Bishop, Michael",2 Years,1999,2000,QB,Not Active
"Blackledge, Todd",7 Years,1983,1989,QB,Not Active
"Blackwell, Marquel",1 Year,2003,2003,QB,Not Active
"Blake, Jeff",14 Years,1992,2005,QB,Not Active
"Blanchard, Matt",4 Years,2012,2015,QB,Not Active
"Blanda, George",26 Years,1949,1975,QB,Not Active
"Bledsoe, Drew",14 Years,1993,2006,QB,Not Active
"Bleier, Bob",1 Year,1987,1987,QB,Not Active
"Blount, Ed",1 Year,1987,1987,QB,Not Active
"Blount, Jeb",1 Year,1977,1977,QB,Not Active
"Blundin, Matt",5 Years,1992,1997,QB,Not Active
"Boeckman, Todd",1 Year,2009,2009,QB,Not Active
"Boller, Kyle",9 Years,2003,2011,QB,Not Active
"Bollinger, Brooks",7 Years,2003,2009,QB,Not Active
"Bomar, Rhett",3 Years,2009,2011,QB,Not Active
"Bonner, Sherdrick",1 Year,1999,1999,QB,Not Active
"Bono, Steve",15 Years,1985,1999,QB,Not Active
"Booty, John David",3 Years,2008,2010,QB,Not Active
"Booty, Josh",3 Years,2001,2003,QB,Not Active
"Borton, John",1 Year,1957,1957,QB,Not Active
"Boryla, Mike",4 Years,1974,1978,QB,Not Active
"Bouman, Todd",15 Years,1997,2011,QB,Not Active
"Boutwell, Tommy",1 Year,1969,1969,QB,Not Active
"Boyd, Shane",4 Years,2006,2009,QB,Not Active
"Boyd, Tajh",2 Years,2014,2015,QB,Not Active
"Boykin, Trevone",2 Years,2016,2017,QB,Not Active
"Brackins, Charlie",1 Year,1955,1955,QB,Not Active
"Bradley, Steve",1 Year,1987,1987,QB,Not Active
"Bradshaw, Terry",14 Years,1970,1983,QB,Not Active
"Bradshaw, Craig",1 Year,1980,1980,QB,Not Active
"Brady, Pat",3 Years,1952,1954,QB,Not Active
"Bramlet, Casey",4 Years,2004,2008,QB,Not Active
"Bramlet, Corey",1 Year,2006,2006,QB,Not Active
"Brandstater, Tom",4 Years,2009,2012,QB,Not Active
"Bratkowski, Zeke",15 Years,1954,1973,QB,Not Active
"Breaux, Don",2 Years,1963,1965,QB,Not Active
"Breen, Adrian",1 Year,1987,1987,QB,Not Active
"Brennan, Colt",3 Years,2008,2010,QB,Not Active
"Briggs, Walter",1 Year,1987,1987,QB,Not Active
"Brink, Alex",2 Years,2008,2009,QB,Not Active
"Briscoe, Marlin",9 Years,1968,1976,QB,Not Active
"Brister, Bubby",14 Years,1986,2000,QB,Not Active
"Brittenum, Jon",1 Year,1968,1968,QB,Not Active
"Brock, Dieter",1 Year,1985,1985,QB,Not Active
"Brodhead, Bob",1 Year,1960,1960,QB,Not Active
"Brodie, John",17 Years,1957,1973,QB,Not Active
"Brohm, Brian",3 Years,2008,2010,QB,Not Active
"Brohm, Jeff",7 Years,1994,2000,QB,Not Active
"Brooks, Aaron",8 Years,1999,2006,QB,Not Active
"Brown, Carlos",2 Years,1975,1976,QB,Not Active
"Brown, Ed",12 Years,1954,1965,QB,Not Active
"Brown, Dave",10 Years,1992,2001,QB,Not Active
"Brown, Levi",2 Years,2010,2011,QB,Not Active
"Brown, Jarrett",2 Years,2010,2011,QB,Not Active
"Brown, Ray",3 Years,1958,1960,QB,Not Active
"Brown, Travis",6 Years,2000,2005,QB,Not Active
"Brown, Bill",2 Years,1943,1944,QB,Not Active
"Brumbaugh, Carl",8 Years,1930,1938,QB,Not Active
"Brunell, Mark",19 Years,1993,2011,QB,Not Active
"Brunner, Scott",5 Years,1980,1985,QB,Not Active
"Bryan, Johnny",6 Years,1922,1927,QB,Not Active
"Buck, Mike",5 Years,1990,1995,QB,Not Active
"Buivid, Ray",2 Years,1937,1938,QB,Not Active
"Bukich, Rudy",14 Years,1953,1968,QB,Not Active
"Bulger, Marc",10 Years,2001,2010,QB,Not Active
"Bull, Scott",3 Years,1976,1978,QB,Not Active
"Burford, Seth",1 Year,2002,2002,QB,Not Active
"Burk, Adrian",7 Years,1950,1956,QB,Not Active
"Burns, Ed",3 Years,1978,1980,QB,Not Active
"Burris, Henry",2 Years,2001,2002,QB,Not Active
"Busch, Mike",1 Year,1987,1987,QB,Not Active
"Bussey, Young",1 Year,1941,1941,QB,Not Active
"Butterfield, Mark",1 Year,1996,1996,QB,Not Active
"Cafego, George",4 Years,1940,1945,QB,Not Active
"Callahan, Joe",4 Years,2016,2019,QB,Not Active
"Cameron, Colby",1 Year,2013,2013,QB,Not Active
"Camp, Jim",1 Year,1948,1948,QB,Not Active
"Campbell, Jason",10 Years,2005,2014,QB,Not Active
"Campbell, Lang",2 Years,2006,2007,QB,Not Active
"Campbell, Rich",4 Years,1981,1984,QB,Not Active
"Campbell, Scott",6 Years,1984,1990,QB,Not Active
"Canfield, Sean",3 Years,2010,2012,QB,Not Active
"Cantwell, Hunter",3 Years,2009,2011,QB,Not Active
"Cappleman, Bill",2 Years,1970,1973,QB,Not Active
"Capuzzi, Jim",2 Years,1955,1956,QB,Not Active
"Carano, Glenn",7 Years,1977,1983,QB,Not Active
"Carden, Shane",1 Year,2015,2015,QB,Not Active
"Carlson, Dean",3 Years,1972,1974,QB,Not Active
"Carlson, Jeff",3 Years,1990,1992,QB,Not Active
"Carlson, Cody",8 Years,1987,1994,QB,Not Active
"Carmazzi, Giovanni",2 Years,2000,2001,QB,Not Active
"Carpenter, Rudy",4 Years,2009,2012,QB,Not Active
"Carr, David",12 Years,2002,2013,QB,Not Active
"Carr, Harlan",1 Year,1927,1927,QB,Not Active
"Carter, Quincy",4 Years,2001,2004,QB,Not Active
"Carter, Virgil",7 Years,1968,1976,QB,Not Active
"Case, Ernie",1 Year,1947,1947,QB,Not Active
"Case, Stoney",6 Years,1995,2000,QB,Not Active
"Cavanaugh, Matt",14 Years,1978,1991,QB,Not Active
"Celeri, Bob",2 Years,1951,1952,QB,Not Active
"Chandler, Chris",17 Years,1988,2004,QB,Not Active
"Chang, Timmy",1 Year,2006,2006,QB,Not Active
"Chappell, Ben",1 Year,2011,2011,QB,Not Active
"Chealander, Hal",1 Year,1974,1974,QB,Not Active
"Cherry, Mike",4 Years,1997,2000,QB,Not Active
"Chlebek, Ed",1 Year,1963,1963,QB,Not Active
"Choboian, Max",1 Year,1966,1966,QB,Not Active
"Christensen, Jeff",4 Years,1983,1987,QB,Not Active
"Christman, Paul",6 Years,1945,1950,QB,Not Active
"Cipa, Larry",2 Years,1974,1975,QB,Not Active
"Claridge, Dennis",2 Years,1965,1966,QB,Not Active
"Clark, Bryan",2 Years,1982,1984,QB,Not Active
"Clark, Wayne",5 Years,1970,1975,QB,Not Active
"Clatterbuck, Bobby",5 Years,1954,1960,QB,Not Active
"Clausen, Jimmy",6 Years,2010,2015,QB,Not Active
"Clemens, Kellen",12 Years,2006,2017,QB,Not Active
"Clements, Chuck",1 Year,1997,1997,QB,Not Active
"Clements, Tom",1 Year,1980,1980,QB,Not Active
"Cochrane, Kelly",1 Year,1972,1972,QB,Not Active
"Coker, Jake",1 Year,2016,2016,QB,Not Active
"Colburn, Ryan",1 Year,2011,2011,QB,Not Active
"Coleman, B.J.",2 Years,2012,2013,QB,Not Active
"Collier, Reggie",2 Years,1986,1987,QB,Not Active
"Collins, Kerry",17 Years,1995,2011,QB,Not Active
"Collins, Paul",1 Year,1945,1945,QB,Not Active
"Collins, Todd",16 Years,1995,2010,QB,Not Active
"Comp, Irv",7 Years,1943,1949,QB,Not Active
"Compton, Ogden",1 Year,1955,1955,QB,Not Active
"Concannon, Jack",10 Years,1964,1975,QB,Not Active
"Conerly, Charlie",14 Years,1948,1961,QB,Not Active
"Conklin, Cary",4 Years,1991,1995,QB,Not Active
"Cook, Greg",2 Years,1969,1973,QB,Not Active
"Corbett, George",7 Years,1932,1938,QB,Not Active
"Corcoran, King",1 Year,1968,1968,QB,Not Active
"Corp, Aaron",1 Year,2013,2013,QB,Not Active
"Cotton, Russ",1 Year,1942,1942,QB,Not Active
"Couch, Tim",6 Years,1999,2007,QB,Not Active
"Coughlin, Mike",1 Year,2011,2011,QB,Not Active
"Covington, Scott",5 Years,1999,2003,QB,Not Active
"Cox, Norm",2 Years,1946,1947,QB,Not Active
"Craig, Dameyune",4 Years,1998,2001,QB,Not Active
"Crane, Chris",1 Year,2009,2009,QB,Not Active
"Crist, Dayne",1 Year,2013,2013,QB,Not Active
"Crocicchia, Jim",1 Year,1987,1987,QB,Not Active
"Crompton, Jonathan",3 Years,2010,2012,QB,Not Active
"Croyle, Brodie",6 Years,2006,2011,QB,Not Active
"Culpepper, Daunte",11 Years,1999,2009,QB,Not Active
"Cunningham, Randall",16 Years,1985,2001,QB,Not Active
"Cuozzo, Gary",10 Years,1963,1972,QB,Not Active
"Cureton, Will",2 Years,1974,1975,QB,Not Active
"Curry, Ronald",1 Year,2002,2002,QB,Not Active
"Cutler, Jay",12 Years,2006,2017,QB,Not Active
"Daft, Kevin",4 Years,1999,2002,QB,Not Active
"Dancewicz, Boley",3 Years,1946,1948,QB,Not Active
"Daniels, B.J.",3 Years,2013,2015,QB,Not Active
"Danielson, Gary",11 Years,1976,1988,QB,Not Active
"Danowski, Ed",7 Years,1934,1941,QB,Not Active
"Darragh, Dan",3 Years,1968,1970,QB,Not Active
"Davey, Rohan",5 Years,2002,2006,QB,Not Active
"Davidson, Cotton",10 Years,1954,1968,QB,Not Active
"Davis, Dominique",3 Years,2012,2014,QB,Not Active
"Davis, Nate",3 Years,2009,2011,QB,Not Active
"Davis, Bob",7 Years,1967,1973,QB,Not Active
"Dawson, Len",19 Years,1957,1975,QB,Not Active
"Day, Eagle",2 Years,1959,1960,QB,Not Active
"DeBerg, Steve",18 Years,1977,1998,QB,Not Active
"DeMoss, Bob",1 Year,1949,1949,QB,Not Active
"Dean, Randy",3 Years,1977,1979,QB,Not Active
"Dekdebrun, Al",3 Years,1946,1948,QB,Not Active
"Del Bello, Jack",1 Year,1953,1953,QB,Not Active
"Del Gaizo, Jim",4 Years,1972,1975,QB,Not Active
"Delhomme, Jake",14 Years,1998,2011,QB,Not Active
"Demory, Bill",2 Years,1973,1974,QB,Not Active
"Detmer, Koy",10 Years,1997,2006,QB,Not Active
"Detmer, Ty",14 Years,1992,2005,QB,Not Active
"Devine, Derek",2 Years,2007,2008,QB,Not Active
"Devlin, Pat",5 Years,2011,2015,QB,Not Active
"DiMichele, Adam",1 Year,2009,2009,QB,Not Active
"DiVito, Joe",1 Year,1968,1968,QB,Not Active
"Dial, Benjy",1 Year,1967,1967,QB,Not Active
"Dickenson, Dave",2 Years,2001,2002,QB,Not Active
"Dickey, Lynn",13 Years,1971,1985,QB,Not Active
"Dickinson, Parnell",1 Year,1976,1976,QB,Not Active
"Dieker, Chris",1 Year,2011,2011,QB,Not Active
"Dilfer, Trent",14 Years,1994,2007,QB,Not Active
"Dils, Steve",11 Years,1979,1989,QB,Not Active
"Dilweg, Anthony",2 Years,1989,1990,QB,Not Active
"Dimitroff, Tom",1 Year,1960,1960,QB,Not Active
"Dittoe, Chris",1 Year,1998,1998,QB,Not Active
"Dixon, Dennis",7 Years,2008,2014,QB,Not Active
"Dobbs, Glenn",4 Years,1946,1949,QB,Not Active
"Doege, Seth",1 Year,2013,2013,QB,Not Active
"Doman, Brandon",2 Years,2002,2004,QB,Not Active
"Domres, Marty",9 Years,1969,1977,QB,Not Active
"Donckers, Billy",2 Years,1976,1977,QB,Not Active
"Dorow, Al",7 Years,1954,1962,QB,Not Active
"Dorsey, Ken",6 Years,2003,2008,QB,Not Active
"Dougherty, Ben",1 Year,2006,2006,QB,Not Active
"Doughty, Brandon",2 Years,2016,2017,QB,Not Active
"Douglass, Bobby",10 Years,1969,1978,QB,Not Active
"Dowling, Brian",3 Years,1972,1977,QB,Not Active
"Doxzon, Todd",1 Year,1998,1998,QB,Not Active
"Dreisbach, Scott",3 Years,1999,2001,QB,Not Active
"Dressen, Chuck",3 Years,1920,1923,QB,Not Active
"Druckenmiller, Jim",3 Years,1997,1999,QB,Not Active
"Dublinski, Tom",5 Years,1952,1960,QB,Not Active
"Dufek, Joe",3 Years,1983,1985,QB,Not Active
"Duhart, Paul",2 Years,1944,1945,QB,Not Active
"Duncan, Randy",1 Year,1961,1961,QB,Not Active
"Duncan, Maury",2 Years,1954,1955,QB,Not Active
"Dungy, Tony",3 Years,1977,1979,QB,Not Active
"Duniven, Tom",2 Years,1977,1978,QB,Not Active
"Dunlap, Bob",2 Years,1935,1936,QB,Not Active
"Dysert, Zac",5 Years,2013,2017,QB,Not Active
"Eakin, Kevin",1 Year,2007,2007,QB,Not Active
"Eakin, Kay",3 Years,1940,1946,QB,Not Active
"Eason, Tony",8 Years,1983,1990,QB,Not Active
"Eaton, Vic",1 Year,1955,1955,QB,Not Active
"Edwards, Trent",8 Years,2007,2014,QB,Not Active
"Eikenberg, Virgil",1 Year,1948,1948,QB,Not Active
"Elkins, Mike",3 Years,1989,1992,QB,Not Active
"Elliott, Brett",2 Years,2006,2007,QB,Not Active
"Elness, Shorty",1 Year,1929,1929,QB,Not Active
"Elway, John",16 Years,1983,1998,QB,Not Active
"Enderle, Nathan",3 Years,2011,2013,QB,Not Active
"Enis, Hunter",3 Years,1960,1962,QB,Not Active
"Enke, Fred",7 Years,1948,1954,QB,Not Active
"Erickson, Craig",8 Years,1992,1999,QB,Not Active
"Ernst, Mike",3 Years,1972,1974,QB,Not Active
"Esiason, Boomer",14 Years,1984,1997,QB,Not Active
"Eskridge, Zack",1 Year,2011,2011,QB,Not Active
"Espinoza, Alex",1 Year,1987,1987,QB,Not Active
"Etcheverry, Sam",2 Years,1961,1962,QB,Not Active
"Eugene, Bruce",1 Year,2007,2007,QB,Not Active
"Evans, Jerod",1 Year,2017,2017,QB,Not Active
"Evans, Johnny",3 Years,1978,1980,QB,Not Active
"Evans, Dane",1 Year,2017,2017,QB,Not Active
"Evans, Vince",16 Years,1977,1995,QB,Not Active
"Everett, Jim",12 Years,1986,1997,QB,Not Active
"Faircloth, Art",2 Years,1947,1948,QB,Not Active
"Fajardo, Cody",1 Year,2015,2015,QB,Not Active
"Farmer, Kirk",1 Year,2003,2003,QB,Not Active
"Farris, Tom",3 Years,1946,1948,QB,Not Active
"Fasani, Randy",1 Year,2002,2002,QB,Not Active
"Fassel, Jim",1 Year,1972,1972,QB,Not Active
"Favre, Brett",20 Years,1991,2010,QB,Not Active
"Feeley, A.J.",11 Years,2001,2011,QB,Not Active
"Ferguson, Joe",18 Years,1973,1990,QB,Not Active
"Ferguson, Tyler",1 Year,2017,2017,QB,Not Active
"Ferragamo, Vince",9 Years,1977,1986,QB,Not Active
"Fiedler, Jay",11 Years,1994,2006,QB,Not Active
"Fife, Jason",2 Years,2006,2007,QB,Not Active
"Filchock, Frank",8 Years,1938,1950,QB,Not Active
"Finks, Jim",7 Years,1949,1955,QB,Not Active
"Finnegan, Jim",1 Year,1923,1923,QB,Not Active
"Finnerty, Cullen",1 Year,2007,2007,QB,Not Active
"Flick, Tom",5 Years,1981,1987,QB,Not Active
"Flores, Tom",9 Years,1960,1969,QB,Not Active
"Flowers, Dick",1 Year,1953,1953,QB,Not Active
"Flutie, Doug",12 Years,1986,2005,QB,Not Active
"Flynn, Matt",8 Years,2008,2015,QB,Not Active
"Foley, Glenn",6 Years,1994,1999,QB,Not Active
"Folmar, Brendan",1 Year,1987,1987,QB,Not Active
"Ford, Mike",2 Years,1981,1982,QB,Not Active
"Fortner, Larry",2 Years,1979,1980,QB,Not Active
"Fourcade, John",4 Years,1987,1990,QB,Not Active
"Fouts, Dan",15 Years,1973,1987,QB,Not Active
"Fox, Jeff",1 Year,1999,1999,QB,Not Active
"Francis, Jeff",3 Years,1990,1992,QB,Not Active
"Francis, Joe",2 Years,1958,1959,QB,Not Active
"Franklin, James",1 Year,2014,2014,QB,Not Active
"Freeman, Josh",6 Years,2009,2015,QB,Not Active
"Freitas, Jesse",4 Years,1946,1949,QB,Not Active
"Freitas, Jesse",2 Years,1974,1975,QB,Not Active
"Frerotte, Gus",15 Years,1994,2008,QB,Not Active
"Friesz, John",11 Years,1990,2000,QB,Not Active
"Froman, Adam",1 Year,2011,2011,QB,Not Active
"Frye, Charlie",6 Years,2005,2010,QB,Not Active
"Fuller, Steve",8 Years,1979,1986,QB,Not Active
"Furman, John",1 Year,1962,1962,QB,Not Active
"Furrer, Will",6 Years,1992,1998,QB,Not Active
"Fusina, Chuck",4 Years,1979,1986,QB,Not Active
"Gabriel, Roman",16 Years,1962,1977,QB,Not Active
"Gagliano, Bob",12 Years,1981,1995,QB,Not Active
"Galiffa, Arnie",2 Years,1953,1954,QB,Not Active
"Gallegos, Chon",1 Year,1962,1962,QB,Not Active
"Galvin, John",1 Year,1947,1947,QB,Not Active
"Gambold, Bob",1 Year,1953,1953,QB,Not Active
"Gannon, Rich",17 Years,1987,2004,QB,Not Active
"Garcia, Jeff",12 Years,1999,2011,QB,Not Active
"Garrard, David",12 Years,2002,2013,QB,Not Active
"Garrett, Jason",12 Years,1993,2004,QB,Not Active
"Garrett, Bobby",1 Year,1954,1954,QB,Not Active
"Garza, Sammy",1 Year,1987,1987,QB,Not Active
"Gasparella, Joe",3 Years,1948,1951,QB,Not Active
"Gault, Don",1 Year,1970,1970,QB,Not Active
"Gaynor, Doug",1 Year,1986,1986,QB,Not Active
"Gelbaugh, Stan",9 Years,1986,1996,QB,Not Active
"George, Jeff",15 Years,1990,2006,QB,Not Active
"Germaine, Joe",4 Years,1999,2002,QB,Not Active
"Gesser, Jason",1 Year,2003,2003,QB,Not Active
"Getsy, Luke",1 Year,2007,2007,QB,Not Active
"Gibbs, Sonny",1 Year,1964,1964,QB,Not Active
"Gilbert, Gale",8 Years,1985,1995,QB,Not Active
"Gilliam, Joe",4 Years,1972,1975,QB,Not Active
"Gillus, Willie",1 Year,1987,1987,QB,Not Active
"Gilmer, Harry",8 Years,1948,1956,QB,Not Active
"Glacken, Scotty",2 Years,1966,1967,QB,Not Active
"Glenn, Bill",1 Year,1944,1944,QB,Not Active
"Goebel, Brad",5 Years,1991,1995,QB,Not Active
"Golsteyn, Jerry",6 Years,1977,1984,QB,Not Active
"Gonzalez, Dan",1 Year,1998,1998,QB,Not Active
"Gonzalez, Pete",2 Years,1998,1999,QB,Not Active
"Governali, Paul",3 Years,1946,1948,QB,Not Active
"Gradkowski, Bruce",11 Years,2006,2016,QB,Not Active
"Graff, Neil",5 Years,1974,1978,QB,Not Active
"Graham, Jeff",5 Years,1991,1995,QB,Not Active
"Graham, Kent",11 Years,1992,2002,QB,Not Active
"Graham, Otto",10 Years,1946,1955,QB,Not Active
"Gray, Quinn",6 Years,2003,2008,QB,Not Active
"Graziani, Tony",4 Years,1997,2000,QB,Not Active
"Grbac, Elvis",9 Years,1993,2001,QB,Not Active
"Green, Charlie",1 Year,1966,1966,QB,Not Active
"Green, Johnny",4 Years,1960,1963,QB,Not Active
"Green, Trent",15 Years,1993,2008,QB,Not Active
"Greene, David",4 Years,2005,2008,QB,Not Active
"Greene, Tom",2 Years,1960,1961,QB,Not Active
"Greisen, Chris",5 Years,1999,2011,QB,Not Active
"Griese, Brian",11 Years,1998,2008,QB,Not Active
"Griese, Bob",14 Years,1967,1980,QB,Not Active
"Griffing, Glynn",1 Year,1963,1963,QB,Not Active
"Grogan, Steve",16 Years,1975,1990,QB,Not Active
"Grossart, Kyle",2 Years,1980,1981,QB,Not Active
"Grosscup, Lee",3 Years,1960,1962,QB,Not Active
"Grossman, Rex",13 Years,2003,2015,QB,Not Active
"Gudmundson, Scott",2 Years,1944,1945,QB,Not Active
"Guglielmi, Ralph",7 Years,1955,1963,QB,Not Active
"Gutierrez, Matt",5 Years,2007,2011,QB,Not Active
"Hackney, Darrell",3 Years,2006,2008,QB,Not Active
"Haden, Pat",6 Years,1976,1981,QB,Not Active
"Hadl, John",16 Years,1962,1977,QB,Not Active
"Hakel, Chris",2 Years,1992,1993,QB,Not Active
"Hall, Andy",1 Year,2005,2005,QB,Not Active
"Hall, Galen",2 Years,1962,1963,QB,Not Active
"Hall, Parker",5 Years,1939,1946,QB,Not Active
"Hall, Max",2 Years,2010,2011,QB,Not Active
"Halloran, Shawn",1 Year,1987,1987,QB,Not Active
"Haluska, Jim",1 Year,1956,1956,QB,Not Active
"Hamdan, Gibran",5 Years,2003,2009,QB,Not Active
"Hamilton, Joe",4 Years,2000,2004,QB,Not Active
"Hammond, Kim",3 Years,1968,1970,QB,Not Active
"Hanie, Caleb",7 Years,2008,2014,QB,Not Active
"Hanratty, Terry",8 Years,1969,1976,QB,Not Active
"Hansen, Tyler",1 Year,2012,2012,QB,Not Active
"Harbaugh, Jim",15 Years,1987,2001,QB,Not Active
"Hardy, Bruce",12 Years,1978,1989,QB,Not Active
"Hardy, Jim",7 Years,1946,1952,QB,Not Active
"Hargett, Edd",5 Years,1969,1973,QB,Not Active
"Harnish, Chandler",3 Years,2012,2014,QB,Not Active
"Harrell, Graham",4 Years,2010,2013,QB,Not Active
"Harrington, Joey",8 Years,2002,2009,QB,Not Active
"Harris, James",13 Years,1969,1981,QB,Not Active
"Harris, Josh",1 Year,2004,2004,QB,Not Active
"Harris, Trevor",1 Year,2010,2010,QB,Not Active
"Hart, Jim",19 Years,1966,1984,QB,Not Active
"Hart, Leo",2 Years,1971,1972,QB,Not Active
"Hartline, Mike",1 Year,2011,2011,QB,Not Active
"Hartsell, Mark",1 Year,2000,2000,QB,Not Active
"Hasselbeck, Matt",17 Years,1999,2015,QB,Not Active
"Hasselbeck, Tim",6 Years,2002,2007,QB,Not Active
"Heaps, Jake",2 Years,2015,2016,QB,Not Active
"Heath, Stan",1 Year,1949,1949,QB,Not Active
"Hebert, Bobby",11 Years,1985,1996,QB,Not Active
"Hedberg, Randy",1 Year,1977,1977,QB,Not Active
"Heinrich, Don",8 Years,1954,1962,QB,Not Active
"Held, Paul",2 Years,1954,1955,QB,Not Active
"Henning, Dan",1 Year,1966,1966,QB,Not Active
"Henson, Drew",5 Years,2004,2008,QB,Not Active
"Herber, Arnie",13 Years,1930,1945,QB,Not Active
"Herring, George",2 Years,1960,1961,QB,Not Active
"Herrmann, Mark",12 Years,1981,1992,QB,Not Active
"Hertel, Rob",2 Years,1978,1980,QB,Not Active
"Heupel, Josh",1 Year,2001,2001,QB,Not Active
"Hewko, Bob",1 Year,1983,1983,QB,Not Active
"Hilger, Rusty",7 Years,1985,1992,QB,Not Active
"Hill, Shaun",15 Years,2002,2016,QB,Not Active
"Hill, King",12 Years,1958,1969,QB,Not Active
"Hillenbrand, Billy",3 Years,1946,1948,QB,Not Active
"Hiller, Tim",1 Year,2010,2010,QB,Not Active
"Hipple, Eric",9 Years,1980,1989,QB,Not Active
"Hobert, Billy Joe",8 Years,1993,2000,QB,Not Active
"Hodges, Cody",1 Year,2006,2006,QB,Not Active
"Hodson, Tom",7 Years,1990,1996,QB,Not Active
"Hogeboom, Gary",11 Years,1980,1990,QB,Not Active
"Hohensee, Mike",1 Year,1987,1987,QB,Not Active
"Holcomb, Kelly",12 Years,1996,2007,QB,Not Active
"Hold, Mike",1 Year,1987,1987,QB,Not Active
"Hollas, Donald",6 Years,1991,1998,QB,Not Active
"Hollenbach, Sam",1 Year,2007,2007,QB,Not Active
"Holley, Ken",1 Year,1946,1946,QB,Not Active
"Holly, Bob",4 Years,1982,1985,QB,Not Active
"Hons, Todd",1 Year,1987,1987,QB,Not Active
"Horn, Don",8 Years,1967,1974,QB,Not Active
"Horn, Marty",1 Year,1987,1987,QB,Not Active
"Horn, Dick",1 Year,1958,1958,QB,Not Active
"Hornung, Paul",9 Years,1957,1966,QB,Not Active
"Horvath, Phil",1 Year,2007,2007,QB,Not Active
"Hostetler, Jeff",15 Years,1984,1998,QB,Not Active
"Houston, Bart",1 Year,2017,2017,QB,Not Active
"Hovious, Junie",1 Year,1945,1945,QB,Not Active
"Hoying, Bobby",6 Years,1996,2001,QB,Not Active
"Huard, Brock",6 Years,1999,2004,QB,Not Active
"Huard, Damon",13 Years,1997,2009,QB,Not Active
"Huarte, John",7 Years,1966,1972,QB,Not Active
"Hudson, Doug",1 Year,1987,1987,QB,Not Active
"Huff, Gary",7 Years,1973,1980,QB,Not Active
"Hufnagel, John",2 Years,1974,1975,QB,Not Active
"Humm, David",10 Years,1975,1984,QB,Not Active
"Humphrey, Buddy",7 Years,1959,1966,QB,Not Active
"Humphries, Stan",9 Years,1989,1997,QB,Not Active
"Hunter, Scott",8 Years,1971,1979,QB,Not Active
"Husak, Todd",3 Years,2000,2002,QB,Not Active
"Hutchinson, Chad",3 Years,2002,2004,QB,Not Active
"Hutchinson, Bill",1 Year,1942,1942,QB,Not Active
"Hybl, Nate",1 Year,2003,2003,QB,Not Active
"Ingram, Kevin",1 Year,1987,1987,QB,Not Active
"Inverso, Glenn",1 Year,1984,1984,QB,Not Active
"Izo, George",7 Years,1960,1966,QB,Not Active
"Jackson, Jarious",4 Years,2000,2003,QB,Not Active
"Jackson, Tarvaris",10 Years,2006,2015,QB,Not Active
"Jacobs, Jack",6 Years,1942,1949,QB,Not Active
"Jacobs, Omar",1 Year,2006,2006,QB,Not Active
"Jamieson, Dick",2 Years,1960,1961,QB,Not Active
"Jaworski, Ron",16 Years,1974,1989,QB,Not Active
"Jaynes, David",1 Year,1974,1974,QB,Not Active
"Jeffrey, Neal",2 Years,1976,1977,QB,Not Active
"Jenkins, Tim",1 Year,2013,2013,QB,Not Active
"Jensen, Brock",1 Year,2014,2014,QB,Not Active
"Jensen, Jim",10 Years,1981,1990,QB,Not Active
"Jensen, Russ",1 Year,1985,1985,QB,Not Active
"Joachim, Steve",1 Year,1976,1976,QB,Not Active
"Johnson, Charley",15 Years,1961,1975,QB,Not Active
"Johnson, Doug",8 Years,2000,2007,QB,Not Active
"Johnson, Gil",1 Year,1949,1949,QB,Not Active
"Johnson, Brad",17 Years,1992,2008,QB,Not Active
"Johnson, Jerrod",4 Years,2011,2016,QB,Not Active
"Johnson, Johnny",1 Year,1996,1996,QB,Not Active
"Johnson, Ken",1 Year,1977,1977,QB,Not Active
"Johnson, Randy",10 Years,1966,1976,QB,Not Active
"Johnson, Rob",10 Years,1995,2006,QB,Not Active
"Johnson, Al",1 Year,1948,1948,QB,Not Active
"Johnson, Wayne",1 Year,1989,1989,QB,Not Active
"Jones, Bert",10 Years,1973,1982,QB,Not Active
"Jones, John",1 Year,1975,1975,QB,Not Active
"Jones, June",4 Years,1977,1981,QB,Not Active
"Jones, Preston",1 Year,1993,1993,QB,Not Active
"Jordan, Homer",1 Year,1987,1987,QB,Not Active
"Joseph, Kerry",1 Year,1996,1996,QB,Not Active
"Jurgensen, Sonny",18 Years,1957,1974,QB,Not Active
"Justin, Paul",7 Years,1995,2001,QB,Not Active
"Kaepernick, Colin",6 Years,2011,2016,QB,Not Active
"Kafka, Mike",6 Years,2010,2015,QB,Not Active
"Kanell, Danny",7 Years,1996,2004,QB,Not Active
"Kapp, Joe",4 Years,1967,1970,QB,Not Active
"Karcher, Ken",2 Years,1987,1988,QB,Not Active
"Katz, Ryan",1 Year,2013,2013,QB,Not Active
"Kay, Brendon",1 Year,2014,2014,QB,Not Active
"Keckin, Val",1 Year,1962,1962,QB,Not Active
"Keenan, Sean",1 Year,2000,2000,QB,Not Active
"Keithley, Gary",3 Years,1973,1975,QB,Not Active
"Kelley, Mike",1 Year,1987,1987,QB,Not Active
"Kelly, Jim",11 Years,1986,1996,QB,Not Active
"Kelly, Jeff",1 Year,2002,2002,QB,Not Active
"Kelly, Paul",1 Year,1987,1987,QB,Not Active
"Kemp, Jeff",11 Years,1981,1991,QB,Not Active
"Kemp, Jack",10 Years,1957,1969,QB,Not Active
"Kennedy, Tom",1 Year,1966,1966,QB,Not Active
"Kenney, Bill",10 Years,1979,1988,QB,Not Active
"Kerkorian, Gary",4 Years,1952,1956,QB,Not Active
"Kerrigan, Mike",2 Years,1983,1984,QB,Not Active
"Kiel, Blair",7 Years,1984,1991,QB,Not Active
"Kilgore, Logan",1 Year,2014,2014,QB,Not Active
"Kilmer, Billy",16 Years,1961,1978,QB,Not Active
"King, Shaun",7 Years,1999,2006,QB,Not Active
"Kingsbury, Kliff",3 Years,2003,2006,QB,Not Active
"Kinne, G.J.",3 Years,2013,2015,QB,Not Active
"Kirkland, Mike",3 Years,1976,1978,QB,Not Active
"Kitna, Jon",16 Years,1997,2013,QB,Not Active
"Kittner, Kurt",3 Years,2002,2005,QB,Not Active
"Klatt, Joel",1 Year,2006,2006,QB,Not Active
"Klein, Perry",2 Years,1994,1995,QB,Not Active
"Klingler, David",6 Years,1992,1997,QB,Not Active
"Klosterman, Don",1 Year,1952,1952,QB,Not Active
"Knafelc, Greg",1 Year,1983,1983,QB,Not Active
"Knapple, Jeff",1 Year,1980,1980,QB,Not Active
"Knight, Trevor",1 Year,2017,2017,QB,Not Active
"Knox, Ronnie",1 Year,1957,1957,QB,Not Active
"Kobrosky, Mickey",1 Year,1937,1937,QB,Not Active
"Kofler, Matt",4 Years,1982,1985,QB,Not Active
"Kolb, Kevin",7 Years,2007,2013,QB,Not Active
"Komlo, Jeff",5 Years,1979,1983,QB,Not Active
"Korrodi, Toby",1 Year,2007,2007,QB,Not Active
"Kosar, Bernie",12 Years,1985,1996,QB,Not Active
"Kramer, Tommy",14 Years,1977,1990,QB,Not Active
"Kramer, Erik",10 Years,1987,1999,QB,Not Active
"Krenzel, Craig",2 Years,2004,2005,QB,Not Active
"Kresser, Eric",3 Years,1997,1999,QB,Not Active
"Krieg, Dave",19 Years,1980,1998,QB,Not Active
"Kruczek, Mike",5 Years,1976,1980,QB,Not Active
"Krueger, Todd",1 Year,1987,1987,QB,Not Active
"Ksionzyk, John",1 Year,1947,1947,QB,Not Active
"Kubiak, Gary",9 Years,1983,1991,QB,Not Active
"Kupp, Craig",1 Year,1991,1991,QB,Not Active
"LaSecla, Jordan",1 Year,2011,2011,QB,Not Active
"Lamonica, Daryle",12 Years,1963,1974,QB,Not Active
"Landry, Greg",15 Years,1968,1984,QB,Not Active
"Landry, Tom",7 Years,1949,1955,QB,Not Active
"Lane, Gary",3 Years,1966,1968,QB,Not Active
"Lansdell, Grenny",1 Year,1940,1940,QB,Not Active
"Laraba, Bob",2 Years,1960,1961,QB,Not Active
"Larson, Paul",2 Years,1957,1960,QB,Not Active
"Laufenberg, Babe",7 Years,1983,1990,QB,Not Active
"Lawrence, Larry",3 Years,1974,1976,QB,Not Active
"Layne, Bobby",15 Years,1948,1962,QB,Not Active
"LeBaron, Eddie",11 Years,1952,1963,QB,Not Active
"LeClair, Jim",2 Years,1967,1968,QB,Not Active
"LeFevour, Dan",2 Years,2010,2011,QB,Not Active
"LeForce, Clyde",3 Years,1947,1949,QB,Not Active
"LeFors, Stefan",2 Years,2005,2006,QB,Not Active
"Leaf, Ryan",4 Years,1998,2001,QB,Not Active
"Leahy, Bob",1 Year,1971,1971,QB,Not Active
"Leak, Chris",1 Year,2007,2007,QB,Not Active
"Ledyard, Hal",1 Year,1953,1953,QB,Not Active
"Lee, Jarrett",1 Year,2012,2012,QB,Not Active
"Lee, Buddy",1 Year,1971,1971,QB,Not Active
"Lee, Jacky",10 Years,1960,1969,QB,Not Active
"Lee, Bob",12 Years,1969,1980,QB,Not Active
"Lee, Zac",1 Year,2011,2011,QB,Not Active
"Leemans, Tuffy",8 Years,1936,1943,QB,Not Active
"Leftwich, Byron",10 Years,2003,2012,QB,Not Active
"Leggett, Dave",1 Year,1955,1955,QB,Not Active
"Leidner, Mitch",1 Year,2017,2017,QB,Not Active
"Leinart, Matt",8 Years,2006,2013,QB,Not Active
"Lemmerman, Bruce",2 Years,1968,1969,QB,Not Active
"Lemon, Cleo",6 Years,2004,2009,QB,Not Active
"Lewis, Cliff",6 Years,1946,1951,QB,Not Active
"Lewis, Dave",4 Years,1970,1973,QB,Not Active
"Lewis, Jeff",5 Years,1996,2000,QB,Not Active
"Lewis, Thad",8 Years,2010,2017,QB,Not Active
"Licata, Joe",1 Year,2016,2016,QB,Not Active
"Lindley, David",1 Year,1987,1987,QB,Not Active
"Lindley, Ryan",4 Years,2012,2015,QB,Not Active
"Lisch, Rusty",5 Years,1980,1984,QB,Not Active
"Liske, Pete",5 Years,1964,1972,QB,Not Active
"Liufau, Sefo",1 Year,2017,2017,QB,Not Active
"Livingston, Mike",13 Years,1968,1980,QB,Not Active
"Lobato, Seth",2 Years,2014,2015,QB,Not Active
"Locker, Jake",4 Years,2011,2014,QB,Not Active
"Lomax, Neil",8 Years,1981,1988,QB,Not Active
"Long, Chuck",8 Years,1986,1994,QB,Not Active
"Long, Johnny",2 Years,1944,1945,QB,Not Active
"Longley, Clint",3 Years,1974,1976,QB,Not Active
"Look, Dean",1 Year,1962,1962,QB,Not Active
"Lorenzen, Jared",4 Years,2005,2008,QB,Not Active
"Losman, J.P.",8 Years,2004,2011,QB,Not Active
"Lothridge, Billy",9 Years,1964,1972,QB,Not Active
"Loyd, Mike",2 Years,1979,1980,QB,Not Active
"Lucas, Ray",7 Years,1997,2003,QB,Not Active
"Lucas, Richie",2 Years,1960,1961,QB,Not Active
"Luck, Andrew",8 Years,2012,2019,QB,Not Active
"Luck, Oliver",5 Years,1982,1986,QB,Not Active
"Luck, Terry",1 Year,1977,1977,QB,Not Active
"Luckman, Sid",12 Years,1939,1950,QB,Not Active
"Lujack, Johnny",4 Years,1948,1951,QB,Not Active
"Lulay, Travis",3 Years,2006,2008,QB,Not Active
"Luther, Ed",6 Years,1980,1986,QB,Not Active
"Lytle, Matt",2 Years,2000,2001,QB,Not Active
"Machurek, Mike",3 Years,1982,1984,QB,Not Active
"Mackey, Kyle",4 Years,1984,1989,QB,Not Active
"Mackrides, Bill",6 Years,1947,1953,QB,Not Active
"Maddox, Tommy",9 Years,1992,2005,QB,Not Active
"Majkowski, Don",10 Years,1987,1996,QB,Not Active
"Maley, Howie",2 Years,1946,1947,QB,Not Active
"Mallett, Ryan",7 Years,2011,2017,QB,Not Active
"Mallouf, Ray",5 Years,1941,1949,QB,Not Active
"Malone, Mark",10 Years,1980,1989,QB,Not Active
"Manges, Mark",1 Year,1978,1978,QB,Not Active
"Manning, Archie",14 Years,1971,1984,QB,Not Active
"Manning, Peyton",18 Years,1998,2015,QB,Not Active
"Manucci, Dan",3 Years,1979,1987,QB,Not Active
"Manuel, EJ",6 Years,2013,2018,QB,Not Active
"Manziel, Johnny",2 Years,2014,2015,QB,Not Active
"Marangi, Gary",3 Years,1974,1976,QB,Not Active
"Marchibroda, Ted",4 Years,1953,1957,QB,Not Active
"Marefos, Andy",3 Years,1941,1946,QB,Not Active
"Margucci, Joe",2 Years,1947,1948,QB,Not Active
"Marino, Dan",17 Years,1983,1999,QB,Not Active
"Marinovich, Todd",2 Years,1991,1992,QB,Not Active
"Martin, Ingle",4 Years,2006,2009,QB,Not Active
"Martin, Jamie",16 Years,1993,2008,QB,Not Active
"Martin, Tee",3 Years,2000,2003,QB,Not Active
"Masoli, Jeremiah",1 Year,2011,2011,QB,Not Active
"Masters, Walt",3 Years,1936,1944,QB,Not Active
"Masterson, Bernie",7 Years,1934,1940,QB,Not Active
"Mathews, Jeff",1 Year,2014,2014,QB,Not Active
"Mathison, Bruce",5 Years,1983,1987,QB,Not Active
"Matte, Tom",12 Years,1961,1972,QB,Not Active
"Matthews, Shane",14 Years,1993,2006,QB,Not Active
"Matthews, Steve",5 Years,1994,1998,QB,Not Active
"Mauck, Matt",3 Years,2004,2006,QB,Not Active
"May, Chad",2 Years,1995,1996,QB,Not Active
"May, Dean",2 Years,1984,1987,QB,Not Active
"Mays, Dave",3 Years,1976,1978,QB,Not Active
"McCarthy, John",1 Year,1987,1987,QB,Not Active
"McCarthy, John",1 Year,1944,1944,QB,Not Active
"McClure, Brian",1 Year,1987,1987,QB,Not Active
"McCormick, John",5 Years,1962,1968,QB,Not Active
"McCown, Luke",14 Years,2004,2017,QB,Not Active
"McCoy, Mike",1 Year,1997,1997,QB,Not Active
"McCullough, Hugh",5 Years,1939,1945,QB,Not Active
"McDonald, Paul",8 Years,1980,1987,QB,Not Active
"McDonald, Walt",4 Years,1946,1949,QB,Not Active
"McDonough, Coley",4 Years,1939,1944,QB,Not Active
"McElroy, Greg",3 Years,2011,2013,QB,Not Active
"McGann, Mike",2 Years,2006,2007,QB,Not Active
"McGee, Stephen",5 Years,2009,2013,QB,Not Active
"McGloin, Matt",6 Years,2013,2018,QB,Not Active
"McGuire, Monte",1 Year,1987,1987,QB,Not Active
"McGwire, Dan",5 Years,1991,1995,QB,Not Active
"McHan, Lamar",10 Years,1954,1963,QB,Not Active
"McIvor, Rick",2 Years,1984,1985,QB,Not Active
"McMahon, Jim",15 Years,1982,1996,QB,Not Active
"McMahon, Mike",6 Years,2001,2006,QB,Not Active
"McManus, Danny",1 Year,1988,1988,QB,Not Active
"McNabb, Donovan",13 Years,1999,2011,QB,Not Active
"McNair, Steve",13 Years,1995,2007,QB,Not Active
"McNown, Cade",4 Years,1999,2002,QB,Not Active
"McPherson, Adrian",2 Years,2005,2006,QB,Not Active
"McPherson, Don",2 Years,1988,1989,QB,Not Active
"McQuilken, Kim",7 Years,1974,1980,QB,Not Active
"Meredith, Don",9 Years,1960,1968,QB,Not Active
"Merkens, Guido",9 Years,1978,1987,QB,Not Active
"Mettenberger, Zach",3 Years,2014,2016,QB,Not Active
"Meyer, Erik",2 Years,2006,2007,QB,Not Active
"Meyer, Ron",1 Year,1966,1966,QB,Not Active
"Mikolajewski, Pete",1 Year,1969,1969,QB,Not Active
"Milan, Don",2 Years,1974,1975,QB,Not Active
"Milanovich, Scott",4 Years,1996,1999,QB,Not Active
"Millen, Hugh",9 Years,1987,1995,QB,Not Active
"Miller, Chris",10 Years,1987,1999,QB,Not Active
"Miller, Eddie",2 Years,1939,1940,QB,Not Active
"Miller, Jim",11 Years,1994,2004,QB,Not Active
"Miller, Larry",1 Year,1987,1987,QB,Not Active
"Miller, Mark",1 Year,1987,1987,QB,Not Active
"Miller, Mark",3 Years,1978,1980,QB,Not Active
"Miller, Romaro",1 Year,2001,2001,QB,Not Active
"Miller, Ron",1 Year,1962,1962,QB,Not Active
"Milstead, Charlie",2 Years,1960,1961,QB,Not Active
"Mioduszewski, Ed",1 Year,1953,1953,QB,Not Active
"Mira, George",7 Years,1964,1971,QB,Not Active
"Mirer, Rick",12 Years,1993,2004,QB,Not Active
"Mishel, Dave",2 Years,1927,1931,QB,Not Active
"Mitchell, Scott",11 Years,1991,2001,QB,Not Active
"Molesworth, Keith",7 Years,1931,1937,QB,Not Active
"Mont, Tommy",3 Years,1947,1949,QB,Not Active
"Montana, Joe",16 Years,1979,1994,QB,Not Active
"Montez, Alfred",1 Year,1996,1996,QB,Not Active
"Moon, Warren",17 Years,1984,2000,QB,Not Active
"Moore, Kellen",6 Years,2012,2017,QB,Not Active
"Moore, Shawn",4 Years,1991,1994,QB,Not Active
"Morelli, Anthony",1 Year,2008,2008,QB,Not Active
"Moreno, Moses",3 Years,1998,2000,QB,Not Active
"Moroski, Mike",8 Years,1979,1986,QB,Not Active
"Morrall, Earl",21 Years,1956,1976,QB,Not Active
"Morris, Stephen",5 Years,2014,2018,QB,Not Active
"Morrison, Dennis",1 Year,1974,1974,QB,Not Active
"Mortell, Emmett",3 Years,1937,1939,QB,Not Active
"Mortensen, Alex",1 Year,2009,2009,QB,Not Active
"Mortensen, Fred",1 Year,1979,1979,QB,Not Active
"Mortensen, Todd",1 Year,2006,2006,QB,Not Active
"Morton, Craig",18 Years,1965,1982,QB,Not Active
"Moss, Perry",1 Year,1948,1948,QB,Not Active
"Munson, Bill",16 Years,1964,1979,QB,Not Active
"Murphy, Jim",1 Year,1998,1998,QB,Not Active
"Murray, Aaron",3 Years,2014,2016,QB,Not Active
"Musgrave, Bill",6 Years,1991,1996,QB,Not Active
"Myer, Steve",4 Years,1976,1979,QB,Not Active
"Myers, Tom",2 Years,1965,1966,QB,Not Active
"Nagel, Ray",1 Year,1953,1953,QB,Not Active
"Nagle, Browning",6 Years,1991,1996,QB,Not Active
"Nall, Craig",7 Years,2002,2008,QB,Not Active
"Namath, Joe",13 Years,1965,1977,QB,Not Active
"Naponic, Bob",1 Year,1970,1970,QB,Not Active
"Nassib, Ryan",5 Years,2013,2017,QB,Not Active
"Navarre, John",3 Years,2004,2006,QB,Not Active
"Nelsen, Bill",10 Years,1963,1972,QB,Not Active
"Nelson, Jimmy",1 Year,1946,1946,QB,Not Active
"Nemeth, Steve",3 Years,1945,1947,QB,Not Active
"Nesbitt, Joshua",2 Years,2011,2012,QB,Not Active
"Neuheisel, Rick",1 Year,1987,1987,QB,Not Active
"Newhall-Caballero, Kyle",1 Year,2012,2012,QB,Not Active
"Nichols, Matt",1 Year,2010,2010,QB,Not Active
"Nielsen, Gifford",6 Years,1978,1983,QB,Not Active
"Niles, Jerry",1 Year,1947,1947,QB,Not Active
"Ninowski, Jim",12 Years,1958,1969,QB,Not Active
"Nix, Kent",6 Years,1967,1972,QB,Not Active
"Nix, Emery",2 Years,1943,1946,QB,Not Active
"Nofsinger, Terry",7 Years,1961,1967,QB,Not Active
"Nori, Reino",2 Years,1937,1938,QB,Not Active
"Norman, Dick",1 Year,1961,1961,QB,Not Active
"Norrie, David",1 Year,1987,1987,QB,Not Active
"Norseth, Mike",4 Years,1987,1992,QB,Not Active
"Norton, Rick",5 Years,1966,1970,QB,Not Active
"Nott, Mike",1 Year,1976,1976,QB,Not Active
"Nugent, Terry",2 Years,1984,1987,QB,Not Active
"Null, Keith",2 Years,2009,2010,QB,Not Active
"Nussmeier, Doug",5 Years,1994,1998,QB,Not Active
"O'Brien, Ken",11 Years,1983,1993,QB,Not Active
"O'Brien, Davey",2 Years,1939,1940,QB,Not Active
"O'Connell, Kevin",5 Years,2008,2012,QB,Not Active
"O'Connell, Tommy",5 Years,1953,1961,QB,Not Active
"O'Donnell, Neil",14 Years,1990,2003,QB,Not Active
"O'Hara, Pat",2 Years,1991,1992,QB,Not Active
"O'Malley, Tom",1 Year,1950,1950,QB,Not Active
"O'Rourke, Charlie",5 Years,1942,1949,QB,Not Active
"O'Sullivan, J.T.",9 Years,2002,2010,QB,Not Active
"Ochs, Craig",1 Year,2006,2006,QB,Not Active
"Olander, Cliff",5 Years,1977,1981,QB,Not Active
"Oliver, Vince",1 Year,1945,1945,QB,Not Active
"Olson, Drew",2 Years,2006,2007,QB,Not Active
"Orlovsky, Dan",13 Years,2005,2017,QB,Not Active
"Ortmann, Chuck",2 Years,1951,1952,QB,Not Active
"Orton, Kyle",10 Years,2005,2014,QB,Not Active
"Osiecki, Sandy",1 Year,1984,1984,QB,Not Active
"Otis, Jeff",4 Years,2006,2009,QB,Not Active
"Otis, Scott",1 Year,1996,1996,QB,Not Active
"Owen, Tom",10 Years,1974,1983,QB,Not Active
"Paci, John",1 Year,1996,1996,QB,Not Active
"Pagel, Mike",12 Years,1982,1993,QB,Not Active
"Painter, Curtis",6 Years,2009,2014,QB,Not Active
"Palko, Tyler",5 Years,2007,2011,QB,Not Active
"Palmer, Carson",15 Years,2003,2017,QB,Not Active
"Palmer, Jesse",6 Years,2001,2006,QB,Not Active
"Palmer, Jordan",8 Years,2007,2014,QB,Not Active
"Panciera, Don",3 Years,1949,1952,QB,Not Active
"Papac, Nick",1 Year,1961,1961,QB,Not Active
"Parilli, Babe",15 Years,1952,1969,QB,Not Active
"Parker, Ace",7 Years,1937,1946,QB,Not Active
"Parsons, Preston",5 Years,2002,2008,QB,Not Active
"Pastorini, Dan",13 Years,1971,1983,QB,Not Active
"Pastrana, Al",2 Years,1969,1970,QB,Not Active
"Pate, Wes",1 Year,2003,2003,QB,Not Active
"Patrick, Frank",3 Years,1970,1972,QB,Not Active
"Patterson, Billy",2 Years,1939,1940,QB,Not Active
"Pawlawski, Mike",1 Year,1992,1992,QB,Not Active
"Paye, John",1 Year,1988,1988,QB,Not Active
"Payton, Sean",1 Year,1987,1987,QB,Not Active
"Pearce, Pard",5 Years,1920,1925,QB,Not Active
"Pease, Brent",2 Years,1987,1988,QB,Not Active
"Pederson, Doug",12 Years,1993,2004,QB,Not Active
"Peete, Rodney",16 Years,1989,2004,QB,Not Active
"Pelluer, Steve",8 Years,1984,1991,QB,Not Active
"Pennington, Chad",11 Years,2000,2010,QB,Not Active
"Penrose, Craig",5 Years,1976,1980,QB,Not Active
"Perez, Mike",1 Year,1991,1991,QB,Not Active
"Perrie, Mike",1 Year,1939,1939,QB,Not Active
"Perrilloux, Ryan",2 Years,2011,2012,QB,Not Active
"Philcox, Todd",9 Years,1990,1998,QB,Not Active
"Phipps, Mike",12 Years,1970,1981,QB,Not Active
"Pickett, Cody",3 Years,2004,2006,QB,Not Active
"Pike, Tony",2 Years,2010,2011,QB,Not Active
"Pisarcik, Joe",8 Years,1977,1984,QB,Not Active
"Pisarkiewicz, Steve",4 Years,1977,1980,QB,Not Active
"Pizzotti, Chris",1 Year,2009,2009,QB,Not Active
"Plum, Milt",13 Years,1957,1969,QB,Not Active
"Plummer, Jake",11 Years,1997,2007,QB,Not Active
"Plunkett, Jim",16 Years,1971,1986,QB,Not Active
"Ponder, Christian",6 Years,2011,2016,QB,Not Active
"Porter, Quinton",2 Years,2006,2007,QB,Not Active
"Portis, Josh",2 Years,2011,2012,QB,Not Active
"Potts, Mike",1 Year,2008,2008,QB,Not Active
"Potts, Taylor",1 Year,2011,2011,QB,Not Active
"Powers, Jim",4 Years,1950,1953,QB,Not Active
"Powlus, Ron",1 Year,2000,2000,QB,Not Active
"Price, Cotton",4 Years,1940,1946,QB,Not Active
"Printers, Casey",2 Years,2006,2007,QB,Not Active
"Ptacek, Bob",1 Year,1959,1959,QB,Not Active
"Pugh, Marion",3 Years,1941,1946,QB,Not Active
"Quarles, Bernard",1 Year,1987,1987,QB,Not Active
"Quinn, Brady",8 Years,2007,2014,QB,Not Active
"Quinn, Jeff",1 Year,1982,1982,QB,Not Active
"Quinn, Jonathan",7 Years,1998,2004,QB,Not Active
"Quinn, Mike",6 Years,1997,2003,QB,Not Active
"Rabb, Warren",3 Years,1960,1962,QB,Not Active
"Rader, Dave",1 Year,1979,1979,QB,Not Active
"Rae, Mike",6 Years,1976,1981,QB,Not Active
"Ragone, Dave",4 Years,2003,2006,QB,Not Active
"Rakestraw, Larry",3 Years,1966,1968,QB,Not Active
"Ramsey, Patrick",9 Years,2002,2010,QB,Not Active
"Ramsey, Steve",7 Years,1970,1976,QB,Not Active
"Ramsey, Tom",5 Years,1985,1989,QB,Not Active
"Randall, Bryan",2 Years,2006,2007,QB,Not Active
"Randall, Marcus",1 Year,2005,2005,QB,Not Active
"Randolph, Dominic",1 Year,2010,2010,QB,Not Active
"Ransdell, Bill",1 Year,1988,1988,QB,Not Active
"Ransom, Brian",3 Years,1983,1985,QB,Not Active
"Ratliff, Brett",6 Years,2007,2012,QB,Not Active
"Rattay, Tim",8 Years,2000,2007,QB,Not Active
"Ratterman, George",10 Years,1947,1956,QB,Not Active
"Rauch, John",3 Years,1949,1951,QB,Not Active
"Ray, Ricky",2 Years,2001,2004,QB,Not Active
"Reagan, Frank",7 Years,1941,1951,QB,Not Active
"Reaves, John",10 Years,1972,1987,QB,Not Active
"Redman, Chris",10 Years,2000,2012,QB,Not Active
"Reed, Joe",8 Years,1972,1979,QB,Not Active
"Reed, Mark",3 Years,1982,1984,QB,Not Active
"Reese, Ken",1 Year,1947,1947,QB,Not Active
"Reich, Frank",14 Years,1985,1998,QB,Not Active
"Reichow, Jerry",8 Years,1956,1964,QB,Not Active
"Reilly, Mike",1 Year,2009,2009,QB,Not Active
"Reisz, Albie",4 Years,1944,1947,QB,Not Active
"Renfree, Sean",4 Years,2013,2016,QB,Not Active
"Renfroe, Gilbert",1 Year,1990,1990,QB,Not Active
"Renner, Bryn",3 Years,2014,2016,QB,Not Active
"Rettig, Chase",2 Years,2014,2015,QB,Not Active
"Reynolds, M.C.",5 Years,1958,1962,QB,Not Active
"Rhome, Jerry",7 Years,1965,1971,QB,Not Active
"Ricard, Lester",2 Years,2007,2008,QB,Not Active
"Richardson, Bucky",3 Years,1992,1994,QB,Not Active
"Richardson, Wally",3 Years,1997,1999,QB,Not Active
"Rickards, Paul",1 Year,1948,1948,QB,Not Active
"Riordan, Tim",1 Year,1987,1987,QB,Not Active
"Risher, Alan",2 Years,1985,1987,QB,Not Active
"Ritchey, James",2 Years,1996,1997,QB,Not Active
"Rivers, David",1 Year,2004,2004,QB,Not Active
"Roach, John",7 Years,1956,1964,QB,Not Active
"Roberts, Archie",1 Year,1967,1967,QB,Not Active
"Robertson, Reggie",1 Year,2006,2006,QB,Not Active
"Robinson, Tony",1 Year,1987,1987,QB,Not Active
"Robinson, Matt",6 Years,1977,1982,QB,Not Active
"Robinson, Rod",1 Year,2001,2001,QB,Not Active
"Robinson, Zac",4 Years,2010,2013,QB,Not Active
"Rodgers, Jordan",1 Year,2013,2013,QB,Not Active
"Romanik, Steve",5 Years,1950,1954,QB,Not Active
"Romney, Milt",6 Years,1923,1928,QB,Not Active
"Romo, Tony",14 Years,2003,2016,QB,Not Active
"Ronzani, Gene",8 Years,1933,1945,QB,Not Active
"Root, Jim",2 Years,1953,1956,QB,Not Active
"Rosenbach, Timm",5 Years,1989,1995,QB,Not Active
"Rosenfels, Sage",12 Years,2001,2012,QB,Not Active
"Rote, Tobin",13 Years,1950,1966,QB,Not Active
"Rowe, Jeff",3 Years,2007,2009,QB,Not Active
"Rubbert, Ed",1 Year,1987,1987,QB,Not Active
"Rubley, T.J.",5 Years,1992,1996,QB,Not Active
"Russell, Benny",1 Year,1968,1968,QB,Not Active
"Russell, JaMarcus",3 Years,2007,2009,QB,Not Active
"Rutherford, Rod",1 Year,2004,2004,QB,Not Active
"Rutkowski, Ed",6 Years,1963,1968,QB,Not Active
"Rutledge, Jeff",14 Years,1979,1992,QB,Not Active
"Ryan, Frank",13 Years,1958,1970,QB,Not Active
"Ryan, Pat",13 Years,1978,1991,QB,Not Active
"Rypien, Mark",12 Years,1987,2001,QB,Not Active
"Sacca, Tony",2 Years,1992,1993,QB,Not Active
"Sachse, Frank",3 Years,1943,1945,QB,Not Active
"Sacrinty, Nick",1 Year,1947,1947,QB,Not Active
"Salem, Ed",1 Year,1951,1951,QB,Not Active
"Salisbury, Sean",8 Years,1986,1996,QB,Not Active
"Saltz, Lee",1 Year,1992,1992,QB,Not Active
"Santora, Frank",1 Year,1944,1944,QB,Not Active
"Santos, Todd",1 Year,1988,1988,QB,Not Active
"Sarausky, Tony",4 Years,1935,1938,QB,Not Active
"Sarratt, Charley",1 Year,1948,1948,QB,Not Active
"Sauter, Cory",4 Years,1999,2003,QB,Not Active
"Scarbath, Jack",3 Years,1953,1956,QB,Not Active
"Schichtle, Henry",1 Year,1964,1964,QB,Not Active
"Schlichter, Art",3 Years,1982,1985,QB,Not Active
"Schonert, Turk",10 Years,1980,1989,QB,Not Active
"Schroeder, Jay",11 Years,1984,1994,QB,Not Active
"Schweickert, Bob",2 Years,1965,1967,QB,Not Active
"Schwenk, Bud",4 Years,1942,1948,QB,Not Active
"Sciarra, John",6 Years,1978,1983,QB,Not Active
"Scott, Matt",2 Years,2013,2014,QB,Not Active
"Scott, Bobby",11 Years,1972,1982,QB,Not Active
"Scrabis, Bob",3 Years,1960,1962,QB,Not Active
"Sebek, Nick",1 Year,1950,1950,QB,Not Active
"Secules, Scott",6 Years,1988,1993,QB,Not Active
"Seurer, Frank",2 Years,1986,1987,QB,Not Active
"Shaw, Connor",4 Years,2014,2017,QB,Not Active
"Shaw, Dennis",8 Years,1970,1978,QB,Not Active
"Shaw, George",8 Years,1955,1962,QB,Not Active
"Sherman, Allie",5 Years,1943,1947,QB,Not Active
"Sherman, Solly",2 Years,1939,1940,QB,Not Active
"Sherman, Tom",2 Years,1968,1969,QB,Not Active
"Shield, Joe",2 Years,1985,1986,QB,Not Active
"Shiner, Dick",11 Years,1964,1974,QB,Not Active
"Shockley, D.J.",4 Years,2006,2009,QB,Not Active
"Shula, Mike",1 Year,1987,1987,QB,Not Active
"Shuler, Heath",5 Years,1994,1998,QB,Not Active
"Simms, Chris",8 Years,2003,2010,QB,Not Active
"Simms, Phil",14 Years,1979,1993,QB,Not Active
"Simpson, Eber",1 Year,1923,1923,QB,Not Active
"Sims, Blake",1 Year,2016,2016,QB,Not Active
"Sims, Phillip",1 Year,2015,2015,QB,Not Active
"Sipe, Brian",10 Years,1974,1983,QB,Not Active
"Skelton, John",4 Years,2010,2013,QB,Not Active
"Slack, Reggie",3 Years,1990,1992,QB,Not Active
"Slaughter, Mickey",4 Years,1963,1966,QB,Not Active
"Slayden, Steve",1 Year,1988,1988,QB,Not Active
"Sloan, Steve",2 Years,1966,1967,QB,Not Active
"Smith, Brad",5 Years,2007,2014,QB,Not Active
"Smith, Jeff",1 Year,2007,2007,QB,Not Active
"Smith, Akili",4 Years,1999,2002,QB,Not Active
"Smith, Kent",1 Year,2006,2006,QB,Not Active
"Smith, Milt",1 Year,1945,1945,QB,Not Active
"Smith, Paul",2 Years,2008,2009,QB,Not Active
"Smith, Ron",2 Years,1965,1966,QB,Not Active
"Smith, Rusty",4 Years,2010,2013,QB,Not Active
"Smith, Troy",4 Years,2007,2010,QB,Not Active
"Smoker, Jeff",3 Years,2004,2006,QB,Not Active
"Snead, Jevan",1 Year,2010,2010,QB,Not Active
"Snead, Norm",16 Years,1961,1976,QB,Not Active
"Snyder, Loren",1 Year,1987,1987,QB,Not Active
"Snyder, Bob",6 Years,1937,1943,QB,Not Active
"Solomon, Freddie",11 Years,1975,1985,QB,Not Active
"Songin, Butch",3 Years,1960,1962,QB,Not Active
"Sorensen, Brad",4 Years,2013,2016,QB,Not Active
"Sorgi, Jim",7 Years,2004,2010,QB,Not Active
"South, Ronnie Lee",1 Year,1968,1968,QB,Not Active
"Spinner, Bryson",1 Year,2006,2006,QB,Not Active
"Sproul, Dennis",1 Year,1978,1978,QB,Not Active
"Spurrier, Steve",10 Years,1967,1976,QB,Not Active
"St. Pierre, Brian",8 Years,2003,2010,QB,Not Active
"Stabler, Ken",15 Years,1970,1984,QB,Not Active
"Stambaugh, Phil",1 Year,2001,2001,QB,Not Active
"Stankavage, Scott",3 Years,1984,1987,QB,Not Active
"Stanley, Jack",1 Year,1987,1987,QB,Not Active
"Stanzi, Ricky",5 Years,2011,2015,QB,Not Active
"Stark, Jon",1 Year,1996,1996,QB,Not Active
"Starr, Bart",16 Years,1956,1971,QB,Not Active
"Stasica, Leo",3 Years,1941,1944,QB,Not Active
"Staubach, Roger",11 Years,1969,1979,QB,Not Active
"Stave, Joel",2 Years,2016,2017,QB,Not Active
"Stenstrom, Steve",5 Years,1995,1999,QB,Not Active
"Stephens, Harold",1 Year,1962,1962,QB,Not Active
"Stephens, Nick",2 Years,2012,2013,QB,Not Active
"Stephenson, Kay",2 Years,1967,1968,QB,Not Active
"Sternaman, Dutch",8 Years,1920,1927,QB,Not Active
"Sternaman, Joey",8 Years,1922,1930,QB,Not Active
"Stevens, Mark",1 Year,1987,1987,QB,Not Active
"Stevens, Matt",1 Year,1987,1987,QB,Not Active
"Stevens, Billy",2 Years,1968,1969,QB,Not Active
"Stewart, Chester",1 Year,2012,2012,QB,Not Active
"Stewart, Kordell",11 Years,1995,2005,QB,Not Active
"Stewart, Robert",1 Year,1971,1971,QB,Not Active
"Still, Jim",2 Years,1948,1949,QB,Not Active
"Stoerner, Clint",3 Years,2000,2002,QB,Not Active
"Stofa, John",6 Years,1966,1971,QB,Not Active
"Stofer, Ken",1 Year,1946,1946,QB,Not Active
"Stolfa, Anton",1 Year,1939,1939,QB,Not Active
"Stoudt, Cliff",13 Years,1977,1991,QB,Not Active
"Stouffer, Kelly",5 Years,1988,1992,QB,Not Active
"Strock, Don",16 Years,1974,1989,QB,Not Active
"Strom, Rick",7 Years,1989,1996,QB,Not Active
"Stull, Bill",1 Year,2010,2010,QB,Not Active
"Sullivan, Pat",4 Years,1972,1975,QB,Not Active
"Summerell, Carl",2 Years,1974,1975,QB,Not Active
"Swartz, Chris",1 Year,1994,1994,QB,Not Active
"Sweeney, Kevin",2 Years,1987,1988,QB,Not Active
"Sweetan, Karl",5 Years,1966,1970,QB,Not Active
"Symons, B.J.",2 Years,2004,2006,QB,Not Active
"Tagge, Jerry",3 Years,1972,1974,QB,Not Active
"Taliaferro, George",7 Years,1949,1955,QB,Not Active
"Taliaferro, Mike",9 Years,1964,1972,QB,Not Active
"Tarkenton, Fran",18 Years,1961,1978,QB,Not Active
"Tarrant, Jimmy",1 Year,1946,1946,QB,Not Active
"Taylor, Jim Bob",1 Year,1983,1983,QB,Not Active
"Taylor, Troy",2 Years,1990,1991,QB,Not Active
"Tebow, Tim",5 Years,2010,2015,QB,Not Active
"Teel, Mike",1 Year,2009,2009,QB,Not Active
"Tensi, Steve",6 Years,1965,1970,QB,Not Active
"TerBush, Caleb",1 Year,2013,2013,QB,Not Active
"Terlep, George",3 Years,1946,1948,QB,Not Active
"Terrell, Jeff",2 Years,2007,2008,QB,Not Active
"Testaverde, Vincent",1 Year,2019,2019,QB,Not Active
"Testaverde, Vinny",21 Years,1987,2007,QB,Not Active
"Theismann, Joe",12 Years,1974,1985,QB,Not Active
"Theofiledes, Harry",1 Year,1968,1968,QB,Not Active
"Thigpen, Tyler",7 Years,2007,2014,QB,Not Active
"Thomason, Bobby",8 Years,1949,1957,QB,Not Active
"Thompson, Dylan",2 Years,2015,2016,QB,Not Active
"Thompson, Jack",6 Years,1979,1984,QB,Not Active
"Thompson, Kevin",2 Years,2000,2002,QB,Not Active
"Thompson, Paul",1 Year,2007,2007,QB,Not Active
"Thompson, Tommy",9 Years,1940,1950,QB,Not Active
"Threadgill, Bruce",1 Year,1978,1978,QB,Not Active
"Thrower, Willie",1 Year,1953,1953,QB,Not Active
"Tidwell, Travis",2 Years,1950,1951,QB,Not Active
"Tinsley, Scott",1 Year,1987,1987,QB,Not Active
"Tipton, Gregg",1 Year,1987,1987,QB,Not Active
"Tittle, Y.A.",17 Years,1948,1964,QB,Not Active
"Todd, Richard",11 Years,1976,1986,QB,Not Active
"Tolliver, Billy Joe",11 Years,1989,2000,QB,Not Active
"Tolzien, Scott",7 Years,2011,2017,QB,Not Active
"Tomczak, Mike",16 Years,1985,2000,QB,Not Active
"Torgersen, Alek",1 Year,2017,2017,QB,Not Active
"Torretta, Gino",5 Years,1993,1997,QB,Not Active
"Totten, Willie",1 Year,1987,1987,QB,Not Active
"Trainor, Austin",1 Year,2016,2016,QB,Not Active
"Trippi, Charlie",9 Years,1947,1955,QB,Not Active
"Tripucka, Frank",8 Years,1949,1963,QB,Not Active
"Trocano, Rick",3 Years,1981,1983,QB,Not Active
"Trocolor, Bob",3 Years,1942,1944,QB,Not Active
"Troup, Bill",6 Years,1974,1980,QB,Not Active
"Trudeau, Jack",10 Years,1986,1995,QB,Not Active
"Trull, Don",6 Years,1964,1969,QB,Not Active
"Tuel, Jeff",3 Years,2013,2015,QB,Not Active
"Tuiasosopo, Marques",8 Years,2001,2008,QB,Not Active
"Tupa, Tom",10 Years,1988,2001,QB,Not Active
"Turbert, Frank",1 Year,1944,1944,QB,Not Active
"Turner, Ricky",1 Year,1988,1988,QB,Not Active
"Unitas, Johnny",18 Years,1956,1973,QB,Not Active
"Vacanti, Sam",3 Years,1947,1949,QB,Not Active
"Van Brocklin, Norm",12 Years,1949,1960,QB,Not Active
"Van Galder, Tim",4 Years,1967,1973,QB,Not Active
"Van Pelt, Bradlee",3 Years,2005,2007,QB,Not Active
"Van Pelt, Alex",11 Years,1993,2003,QB,Not Active
"Van Raaphorst, Jeff",1 Year,1987,1987,QB,Not Active
"Vandenberg, James",1 Year,2013,2013,QB,Not Active
"Vander Kelen, Ron",5 Years,1963,1967,QB,Not Active
"Vaughan, Dustin",4 Years,2014,2017,QB,Not Active
"Venuto, Jay",1 Year,1981,1981,QB,Not Active
"Verica, Marc",1 Year,2011,2011,QB,Not Active
"Vick, Mike",15 Years,2001,2015,QB,Not Active
"Vittatoe, Trevor",1 Year,2011,2011,QB,Not Active
"Vlasic, Mark",6 Years,1987,1993,QB,Not Active
"Volek, Billy",12 Years,2000,2011,QB,Not Active
"Wachholtz, Kyle",1 Year,1996,1996,QB,Not Active
"Wade, Tommy",2 Years,1964,1965,QB,Not Active
"Wade, Billy",13 Years,1954,1966,QB,Not Active
"Walker, Jay",3 Years,1994,1997,QB,Not Active
"Wallace, Bev",4 Years,1947,1951,QB,Not Active
"Wallace, Seneca",11 Years,2003,2013,QB,Not Active
"Walquist, Laurie",10 Years,1922,1931,QB,Not Active
"Walsh, John",1 Year,1995,1995,QB,Not Active
"Walsh, Steve",11 Years,1989,1999,QB,Not Active
"Walter, Andrew",5 Years,2005,2009,QB,Not Active
"Walter, Dave",1 Year,1987,1987,QB,Not Active
"Walton, John",4 Years,1976,1979,QB,Not Active
"Ward, Jim",3 Years,1967,1971,QB,Not Active
"Ware, Andre",4 Years,1990,1993,QB,Not Active
"Warner, Kurt",12 Years,1998,2009,QB,Not Active
"Warren, Dewey",1 Year,1968,1968,QB,Not Active
"Waterfield, Bob",8 Years,1945,1952,QB,Not Active
"Waters, Jake",1 Year,2015,2015,QB,Not Active
"Waters, Bob",4 Years,1960,1963,QB,Not Active
"Watkins, Foster",2 Years,1940,1941,QB,Not Active
"Weatherhead, Troy",1 Year,2011,2011,QB,Not Active
"Weber, Adam",3 Years,2011,2013,QB,Not Active
"Weese, Norris",4 Years,1976,1979,QB,Not Active
"Weinke, Chris",7 Years,2001,2007,QB,Not Active
"Weldon, Larry",2 Years,1944,1945,QB,Not Active
"Weldon, Casey",8 Years,1992,1999,QB,Not Active
"Wells, Mike",2 Years,1975,1977,QB,Not Active
"Wenning, Keith",4 Years,2014,2017,QB,Not Active
"Wheeler, Manch",1 Year,1962,1962,QB,Not Active
"Whelihan, Craig",4 Years,1995,1998,QB,Not Active
"White, Harvey",1 Year,1960,1960,QB,Not Active
"White, Pat",3 Years,2009,2013,QB,Not Active
"White, Stan",4 Years,1994,1997,QB,Not Active
"White, Ted",1 Year,1999,1999,QB,Not Active
"White, Danny",13 Years,1976,1988,QB,Not Active
"Whitehurst, David",8 Years,1977,1984,QB,Not Active
"Whitehurst, Charlie",11 Years,2006,2016,QB,Not Active
"Whitten, Todd",1 Year,1987,1987,QB,Not Active
"Wilhelm, Erik",9 Years,1989,1997,QB,Not Active
"Williams, Doug",9 Years,1978,1989,QB,Not Active
"Williams, Marquise",1 Year,2016,2016,QB,Not Active
"Williams, Bob",3 Years,1951,1955,QB,Not Active
"Williamson, Lee",2 Years,1994,1995,QB,Not Active
"Willis, Peter Tom",4 Years,1990,1993,QB,Not Active
"Willy, Drew",2 Years,2009,2011,QB,Not Active
"Wilson, Wade",19 Years,1981,1999,QB,Not Active
"Wilson, Dave",8 Years,1981,1989,QB,Not Active
"Wilson, Eddie",4 Years,1962,1965,QB,Not Active
"Wilson, George",1 Year,1966,1966,QB,Not Active
"Wilson, Tyler",2 Years,2013,2014,QB,Not Active
"Wilson, John Parker",5 Years,2009,2013,QB,Not Active
"Wilson, Marc",10 Years,1980,1990,QB,Not Active
"Witkowski, John",4 Years,1984,1988,QB,Not Active
"Wittek, Max",1 Year,2016,2016,QB,Not Active
"Wood, Gary",6 Years,1964,1969,QB,Not Active
"Wood, Dick",5 Years,1962,1966,QB,Not Active
"Woodall, Al",6 Years,1969,1974,QB,Not Active
"Woodbury, Tory",2 Years,2001,2006,QB,Not Active
"Woodley, David",6 Years,1980,1985,QB,Not Active
"Woods, Pete",1 Year,1980,1980,QB,Not Active
"Woodson, Andre",2 Years,2008,2009,QB,Not Active
"Woolf, Scott",1 Year,1987,1987,QB,Not Active
"Workman, Hoge",4 Years,1924,1932,QB,Not Active
"Worley, Justin",1 Year,2015,2015,QB,Not Active
"Wright, Anthony",10 Years,1999,2008,QB,Not Active
"Wright, Brad",1 Year,1982,1982,QB,Not Active
"Wright, Kyle",1 Year,2008,2008,QB,Not Active
"Wright, Randy",5 Years,1984,1988,QB,Not Active
"Wrobel, Brian",1 Year,2006,2006,QB,Not Active
"Wuerffel, Danny",6 Years,1997,2002,QB,Not Active
"Wyant, Fred",1 Year,1956,1956,QB,Not Active
"Wyche, Sam",8 Years,1968,1976,QB,Not Active
"Wynn, Spergon",2 Years,2000,2001,QB,Not Active
"Yates, T.J.",7 Years,2011,2017,QB,Not Active
"Yewcic, Tom",6 Years,1961,1966,QB,Not Active
"Youel, Jim",3 Years,1946,1948,QB,Not Active
"Young, Steve",15 Years,1985,1999,QB,Not Active
"Young, Vince",8 Years,2006,2013,QB,Not Active
"Zabransky, Jared",1 Year,2007,2007,QB,Not Active
"Zeier, Eric",6 Years,1995,2000,QB,Not Active
"Zimmerman, Roy",9 Years,1940,1948,QB,Not Active
"Zolak, Scott",9 Years,1991,1999,QB,Not Active
"Zorn, Jim",11 Years,1976,1987,QB,Not Active
"Savage, Tom",,,,QB,Active
"Showers, Jameill",,,,QB,Active
"Dobbs, Joshua",,,,QB,Active
"Cook, Connor",,,,QB,Active
"Bercovici, Mike",,,,QB,Active
"Yates, T.J.",,,,QB,Active
"McCoy, Colt",,,,QB,Active
"Brees, Drew",,,,QB,Active
"Rivers, Philip",,,,QB,Active
"Moore, Kellen",,,,QB,Active
"McGloin, Matt",,,,QB,Active
"Prescott, Dak",,,,QB,Active
"Kizer, DeShone",,,,QB,Active
"Mariota, Marcus",,,,QB,Active
"Wilson, Russell",,,,QB,Active
"Bray, Tyler",,,,QB,Active
"Carr, Derek",,,,QB,Active
"Rudock, Jake",,,,QB,Active
"Smith, Alex",,,,QB,Active
"Walker, Phillip",,,,QB,Active
"Vaughan, Dustin",,,,QB,Active
"Mahomes, Patrick",,,,QB,Active
"Gilbert, Garrett",,,,QB,Active
"Houston, Bart",,,,QB,Active
"Griffin, Ryan",,,,QB,Active
"Stafford, Matthew",,,,QB,Active
"Weeden, Brandon",,,,QB,Active
"Daniel, Chase",,,,QB,Active
"Shaw, Connor",,,,QB,Active
"Kelly, Chad",,,,QB,Active
"Davis, Austin",,,,QB,Active
"Thompson, Dylan",,,,QB,Active
"Taylor, Tyrod",,,,QB,Active
"Wentz, Carson",,,,QB,Active
"Brady, Tom",,,,QB,Active
"Peterman, Nathan",,,,QB,Active
"McCown, Josh",,,,QB,Active
"Brissett, Jacoby",,,,QB,Active
"Moore, Matt",,,,QB,Active
"Dysert, Zac",,,,QB,Active
"Ryan, Matt",,,,QB,Active
"Stanton, Drew",,,,QB,Active
"Doughty, Brandon",,,,QB,Active
"Grayson, Garrett",,,,QB,Active
"Liufau, Sefo",,,,QB,Active
"Simms, Matt",,,,QB,Active
"Sloter, Kyle",,,,QB,Active
"Knight, Trevor",,,,QB,Active
"Cousins, Kirk",,,,QB,Active
"Hogan, Kevin",,,,QB,Active
"Kessler, Cody",,,,QB,Active
"Conque, Zach",,,,QB,Active
"Sims, Blake",,,,QB,Active
"Hundley, Brett",,,,QB,Active
"Mullens, Nick",,,,QB,Active
"Boykin, Trevone",,,,QB,Active
"Roethlisberger, Ben",,,,QB,Active
"Manning, Eli",,,,QB,Active
"Kaaya, Brad",,,,QB,Active
"Ferguson, Tyler",,,,QB,Active
"Manuel, EJ",,,,QB,Active
"Tannehill, Ryan",,,,QB,Active
"Newton, Cam",,,,QB,Active
"Lynch, Paxton",,,,QB,Active
"Dalton, Andy",,,,QB,Active
"Clemens, Kellen",,,,QB,Active
"Webb, Joe",,,,QB,Active
"Jenkins, Eli",,,,QB,Active
"Barkley, Matt",,,,QB,Active
"Beathard, C.J.",,,,QB,Active
"Siemian, Trevor",,,,QB,Active
"Keenum, Case",,,,QB,Active
"Bridgewater, Teddy",,,,QB,Active
"Sudfeld, Nate",,,,QB,Active
"Hoyer, Brian",,,,QB,Active
"Schaub, Matt",,,,QB,Active
"Bradford, Sam",,,,QB,Active
"Mannion, Sean",,,,QB,Active
"Anderson, Derek",,,,QB,Active
"Watson, Deshaun",,,,QB,Active
"Allen, Brandon",,,,QB,Active
"Bortles, Blake",,,,QB,Active
"Trubisky, Mitchell",,,,QB,Active
"Flacco, Joe",,,,QB,Active
"Rush, Cooper",,,,QB,Active
"Thomas, Logan",,,,QB,Active
"Torgersen, Alek",,,,QB,Active
"Palmer, Carson",,,,QB,Active
"Luck, Andrew",,,,QB,Active
"Hackenberg, Christian",,,,QB,Active
"Hill, Taysom",,,,QB,Active
"Webb, Davis",,,,QB,Active
"Jones, Cardale",,,,QB,Active
"Lunt, Wes",,,,QB,Active
"Tolzien, Scott",,,,QB,Active
"Winston, Jameis",,,,QB,Active
"Tanney, Alex",,,,QB,Active
"Sanchez, Mark",,,,QB,Active
"Fitzpatrick, Ryan",,,,QB,Active
"Petty, Bryce",,,,QB,Active
"Foles, Nick",,,,QB,Active
"Heinicke, Taylor",,,,QB,Active
"Driskel, Jeff",,,,QB,Active
"Fales, David",,,,QB,Active
"Mallett, Ryan",,,,QB,Active
"Stave, Joel",,,,QB,Active
"Gabbert, Blaine",,,,QB,Active
"Johnson, Josh",,,,QB,Active
"Smith, Geno",,,,QB,Active
"Jones, Landry",,,,QB,Active
"Goff, Jared",,,,QB,Active
"Cassel, Matt",,,,QB,Active
"McCarron, AJ",,,,QB,Active
"Henne, Chad",,,,QB,Active
"Garoppolo, Jimmy",,,,QB,Active
"Morris, Stephen",,,,QB,Active
"Callahan, Joe",,,,QB,Active
"Glennon, Mike",,,,QB,Active
"Rodgers, Aaron",,,,QB,Active
"Osweiler, Brock",,,,QB,Active
